Workbook

Sheet 工作表1
A1: 縣市 | B1: 鄉鎮區 | C1: 村里 | D1: 發生地點 | E1: 代表地標 | F1: 溪流型態(陳天健) | G1: 年度 | H1: 事件 | I1: 發生時間 | J1: 發生次數 | K1: 再發生時間間隔 | L1: 崩塌面積_災前 | M1: 崩塌面積_災後 | N1: 崩塌率_災前 | O1: 崩塌率_災後 | P1: 地震影響 | Q1: 發生次數(排除地震) | R1: 再發生時間間隔(排除地震) | S1: 警戒基準值 (mm) | T1: 觀測雨量站站號 | U1: 觀測雨量站站名 | V1: 事件總雨量 | W1: 發生降雨強度 | X1: 有效累積雨量 | Y1: 發生3小時 | Z1: 發生6小時 | AA1: 發生12小時 | AB1: 發生24小時 | AC1: 發生1hr重現期(年) | AD1: 發生3hr重現期(年) | AE1: 發生6hr重現期(年) | AF1: 發生12hr重現期(年) | AG1: 發生24hr重現期(年) | AH1: 雨場最大1小時 | AI1: 雨場最大3小時 | AJ1: 雨場最大6小時 | AK1: 雨場前最大12小時 | AL1: 雨場最大24小時 | AM1: 雨場1hr重現期(年) | AN1: 雨場3hr重現期(年) | AO1: 雨場6hr重現期(年) | AP1: 雨場12hr重現期(年) | AQ1: 雨場24hr重現期(年) | AR1: 發生降雨延時
A2: 宜蘭縣 | B2: 南澳鄉 | C2: 碧候村 | D2: 宜縣DF146 | F2: 溪流型 | G2: 101 | H2: 蘇拉颱風 | I2: 41123.083 | J2: 1 | L2: 0.565 | M2: 5.735 | N2: 0.30146196 | O2: 3.0599723 | P2: 否 | Q2: 1 | S2: 450 | T2: C0U770 | U2: 南澳 | V2: 878.5 | W2: 74.5 | X2: 668.9 | Y2: 158 | Z2: 259 | AA2: 333 | AB2: 442.5 | AC2: 2年 | AD2: 5年 | AE2: 10年 | AF2: 5年 | AG2: 5年 | AH2: 74.5 | AI2: 178 | AJ2: 300 | AK2: 433 | AL2: 582.5 | AM2: 2年 | AN2: 10年 | AO2: 25年 | AP2: 50年 | AQ2: 50年 | AR2: 59
A3: 宜蘭縣 | B3: 南澳鄉 | C3: 碧候村 | D3: 宜縣DF146 | F3: 溪流型 | G3: 113 | H3: 凱米颱風 | I3: 45498.042 | J3: 2 | K3: 11.986187 | L3: 0 | M3: 4.67 | N3: 0 | O3: 2.4917298 | P3: 是 | S3: 400 | T3: 81U860 | U3: 金岳國小 | V3: 810 | W3: 53.5 | X3: 742.2 | Y3: 82.5 | Z3: 133 | AA3: 519.5 | AB3: 707 | AC3: <2 | AD3: <2 | AE3: <2 | AF3: 200年 | AG3: 200年 | AH3: 95.5 | AI3: 266 | AJ3: 392 | AK3: 524 | AL3: 707 | AM3: 10年 | AN3: 200年 | AO3: 200年 | AP3: 200年 | AQ3: 200年 | AR3: 39
A4: 臺中市 | B4: 和平區 | C4: 博愛里 | D4: 中市DF027 | E4: 松鶴部落 | F4: 溪流型 | G4: 93 | H4: 敏督利颱風 | I4: 2004/07/02 | J4: 1 | L4: 2.8 | M4: 2.87 | N4: 5.9944337 | O4: 6.1442946 | P4: 是 | S4: 200 | T4: C1F870 | U4: 上谷關 | V4: 1337 | W4: 93 | X4: 612.1 | Y4: 147 | Z4: 221 | AA4: 297.5 | AB4: 556.5 | AC4: 10年 | AD4: 2年 | AE4: 2年 | AF4: 2年 | AG4: 25年 | AH4: 93 | AI4: 192 | AJ4: 270.5 | AK4: 395 | AL4: 600.5 | AM4: 10年 | AN4: 10年 | AO4: 10年 | AP4: 10年 | AQ4: 50年 | AR4: 24
A5: 臺中市 | B5: 和平區 | C5: 博愛里 | D5: 中市DF027 | E5: 松鶴部落 | F5: 溪流型 | G5: 94 | H5: 馬莎颱風 | I5: 38569.375 | J5: 2 | K5: 1.0941781 | L5: 2.87 | M5: 0.9 | N5: 6.1442946 | O5: 1.9267823 | P5: 否 | Q5: 1 | S5: 300 | T5: C1F870 | U5: 上谷關 | V5: 1055.5 | W5: 27 | X5: 615 | Y5: 86.5 | Z5: 220 | AA5: 431 | AB5: 615 | AC5: <2 | AD5: <2 | AE5: 2年 | AF5: 25年 | AG5: 50年 | AH5: 78 | AI5: 164 | AJ5: 295 | AK5: 450.5 | AL5: 642 | AM5: 2年 | AN5: 5年 | AO5: 25年 | AP5: 50年 | AQ5: 50年 | AR5: 24
A6: 臺中市 | B6: 和平區 | C6: 博愛里 | D6: 中市DF028 | E6: 松鶴部落 | F6: 溪流型 | G6: 93 | H6: 敏督利颱風 | I6: 2004/07/02 | J6: 1 | L6: 18.15 | M6: 13.34 | N6: 5.3974485 | O6: 3.9670503 | P6: 是 | S6: 200 | T6: C1F870 | U6: 上谷關 | V6: 1337 | W6: 93 | X6: 612.1 | Y6: 147 | Z6: 221 | AA6: 297.5 | AB6: 556.5 | AC6: 10年 | AD6: 2年 | AE6: 2年 | AF6: 2年 | AG6: 25年 | AH6: 93 | AI6: 192 | AJ6: 270.5 | AK6: 395 | AL6: 600.5 | AM6: 10年 | AN6: 10年 | AO6: 10年 | AP6: 10年 | AQ6: 50年 | AR6: 24
A7: 臺中市 | B7: 和平區 | C7: 博愛里 | D7: 中市DF028 | E7: 松鶴部落 | F7: 溪流型 | G7: 94 | H7: 馬莎颱風 | I7: 38569.417 | J7: 2 | K7: 1.0942922 | L7: 3.45 | M7: 1.72 | N7: 1.0259613 | O7: 0.51149374 | P7: 否 | Q7: 1 | S7: 300 | T7: C1F870 | U7: 上谷關 | V7: 1055.5 | W7: 27 | X7: 642 | Y7: 83 | Z7: 208 | AA7: 450 | AB7: 636 | AC7: <2 | AD7: <2 | AE7: 2年 | AF7: 50年 | AG7: 50年 | AH7: 78 | AI7: 164 | AJ7: 295 | AK7: 450.5 | AL7: 642 | AM7: 2年 | AN7: 5年 | AO7: 25年 | AP7: 50年 | AQ7: 50年 | AR7: 25
A8: 南投縣 | B8: 仁愛鄉 | C8: 南豐村 | D8: 投縣DF011 | F8: 溪流型 | G8: 90 | H8: 桃芝颱風 | I8: 37102 | J8: 1 | L8: 0 | M8: 4.7807971 | N8: 0 | O8: 8.0539035 | P8: 是 | S8: - | T8: C1H870 | U8: 仁愛 | V8: 342 | W8: 87.5 | X8: 242.5 | Y8: 106 | Z8: 173.5 | AA8: 237.5 | AB8: 237.5 | AC8: 10年 | AD8: <2 | AE8: <2 | AF8: <2 | AG8: <2 | AH8: 87.5 | AI8: 150 | AJ8: 183 | AK8: 287 | AL8: 342 | AM8: 10年 | AN8: 2年 | AO8: 2年 | AP8: 2年 | AQ8: 2年 | AR8: 12
A9: 南投縣 | B9: 仁愛鄉 | C9: 南豐村 | D9: 投縣DF011 | F9: 溪流型 | G9: 93 | H9: 敏督利颱風 | I9: 38171 | J9: 2 | K9: 2.9287671 | L9: 1.17 | M9: 0.351639 | N9: 1.9710243 | O9: 0.59238376 | P9: 是 | S9: 200 | T9: C1H870 | U9: 仁愛 | V9: 507 | W9: 55.5 | X9: 407.5 | Y9: 111.5 | Z9: 159.5 | AA9: 198 | AB9: 366 | AC9: <2 | AD9: <2 | AE9: <2 | AF9: <2 | AG9: 2年 | AH9: 55.5 | AI9: 111.5 | AJ9: 159.5 | AK9: 257 | AL9: 366 | AM9: <2 | AN9: <2 | AO9: <2 | AP9: 2年 | AQ9: 2年 | AR9: 25
A10: 南投縣 | B10: 仁愛鄉 | C10: 南豐村 | D10: 投縣DF011 | F10: 溪流型 | G10: 97 | H10: 辛樂克颱風 | I10: 39706.208 | J10: 3 | K10: 4.2060502 | L10: 0 | M10: 0 | N10: 0 | O10: 0 | P10: 否 | Q10: 1 | S10: 250 | T10: C1I330 | U10: 楓樹林 | V10: 1211 | W10: 44.5 | X10: 737.4 | Y10: 104 | Z10: 157.5 | AA10: 264 | AB10: 640 | AC10: <2 | AD10: <2 | AE10: <2 | AF10: 2年 | AG10: 50年 | AH10: 69.5 | AI10: 186 | AJ10: 341 | AK10: 582.5 | AL10: 838.5 | AM10: 2年 | AN10: 10年 | AO10: 100年 | AP10: 200年 | AQ10: 200年 | AR10: 35
A11: 南投縣 | B11: 仁愛鄉 | C11: 南豐村 | D11: 投縣DF011 | F11: 溪流型 | G11: 112 | H11: 卡努颱風 | I11: 45142.708 | J11: 4 | K11: 14.894521 | L11: 0 | M11: 0.3 | N11: 0 | O11: 0.50539084 | P11: 否 | Q11: 2 | R11: 14.894521 | S11: 300 | T11: 88H890 | U11: 南豐 | V11: 864 | W11: 112 | X11: 782 | Y11: 225 | Z11: 384 | AA11: 542 | AB11: 783.5 | AC11: 100年 | AD11: 100年 | AE11: 200年 | AF11: 200年 | AG11: 200年 | AH11: 112.5 | AI11: 225 | AJ11: 384 | AK11: 542 | AL11: 783.5 | AM11: 100年 | AN11: 100年 | AO11: 200年 | AP11: 200年 | AQ11: 200年 | AR11: 39
A12: 南投縣 | B12: 仁愛鄉 | C12: 南豐村 | D12: 投縣DF013 | E12: 聖本篤加油站 | F12: 溪流型 | G12: 90 | H12: 桃芝颱風 | I12: 37102 | J12: 1 | L12: 1.35 | M12: 3.43 | N12: 1.1721803 | O12: 2.9782061 | P12: 是 | S12: - | T12: C1H870 | U12: 仁愛 | V12: 342 | W12: 87.5 | X12: 242.5 | Y12: 106 | Z12: 173.5 | AA12: 237.5 | AB12: 237.5 | AC12: 10年 | AD12: <2 | AE12: <2 | AF12: <2 | AG12: <2 | AH12: 87.5 | AI12: 150 | AJ12: 183 | AK12: 287 | AL12: 342 | AM12: 10年 | AN12: 2年 | AO12: 2年 | AP12: 2年 | AQ12: 2年 | AR12: 12
A13: 南投縣 | B13: 仁愛鄉 | C13: 南豐村 | D13: 投縣DF013 | E13: 聖本篤加油站 | F13: 溪流型 | G13: 93 | H13: 敏督利颱風 | I13: 38171 | J13: 2 | K13: 2.9287671 | L13: 1.16 | M13: 0 | N13: 1.0072067 | O13: 0 | P13: 是 | S13: 200 | T13: C1H870 | U13: 仁愛 | V13: 507 | W13: 55.5 | X13: 407.5 | Y13: 111.5 | Z13: 159.5 | AA13: 198 | AB13: 366 | AC13: <2 | AD13: <2 | AE13: <2 | AF13: <2 | AG13: 2年 | AH13: 55.5 | AI13: 111.5 | AJ13: 159.5 | AK13: 257 | AL13: 366 | AM13: <2 | AN13: <2 | AO13: <2 | AP13: 2年 | AQ13: 2年 | AR13: 25
A14: 南投縣 | B14: 仁愛鄉 | C14: 南豐村 | D14: 投縣DF013 | E14: 聖本篤加油站 | F14: 溪流型 | G14: 97 | H14: 辛樂克颱風 | I14: 39706.333 | J14: 3 | K14: 4.2063927 | L14: 0 | M14: 0.27 | N14: 0 | O14: 0.23443605 | P14: 否 | Q14: 1 | S14: 300 | T14: C1I330 | U14: 楓樹林 | V14: 1211 | W14: 55.5 | X14: 917.8 | Y14: 186 | Z14: 290 | AA14: 377 | AB14: 762 | AC14: <2 | AD14: 10年 | AE14: 25年 | AF14: 10年 | AG14: 200年 | AH14: 69.5 | AI14: 186 | AJ14: 341 | AK14: 582.5 | AL14: 838.5 | AM14: 2年 | AN14: 10年 | AO14: 100年 | AP14: 200年 | AQ14: 200年 | AR14: 38
A15: 南投縣 | B15: 仁愛鄉 | C15: 南豐村 | D15: 投縣DF013 | E15: 聖本篤加油站 | F15: 溪流型 | G15: 112 | H15: 卡努颱風 | I15: 45142.625 | J15: 4 | K15: 14.89395 | L15: 0 | M15: 0 | N15: 0 | O15: 0 | P15: 否 | Q15: 2 | R15: 14.89395 | S15: 300 | T15: 88H890 | U15: 南豐 | V15: 864 | W15: 49 | X15: 648 | Y15: 115 | Z15: 260.5 | AA15: 425.5 | AB15: 628 | AC15: <2 | AD15: <2 | AE15: 25年 | AF15: 100年 | AG15: 200年 | AH15: 112.5 | AI15: 225 | AJ15: 384 | AK15: 542 | AL15: 783.5 | AM15: 100年 | AN15: 100年 | AO15: 200年 | AP15: 200年 | AQ15: 200年 | AR15: 37
A16: 南投縣 | B16: 仁愛鄉 | C16: 春陽村 | D16: 投縣DF030 | F16: 溪流型 | G16: 94 | H16: 海棠颱風 | I16: 38552.833 | J16: 1 | L16: 0 | M16: 0 | N16: 0 | O16: 0 | P16: 否 | Q16: 1 | S16: 300 | T16: C0I010 | U16: 廬山 | V16: 580 | W16: 48.5 | X16: 251.4 | Y16: 78 | Z16: 105.5 | AA16: 158 | AB16: 229.5 | AC16: <2 | AD16: <2 | AE16: <2 | AF16: <2 | AG16: <2 | AH16: 48.5 | AI16: 78 | AJ16: 105.5 | AK16: 158 | AL16: 278.5 | AM16: <2 | AN16: <2 | AO16: <2 | AP16: <2 | AQ16: <2 | AR16: 29
A17: 南投縣 | B17: 仁愛鄉 | C17: 春陽村 | D17: 投縣DF030 | F17: 溪流型 | G17: 112 | H17: 卡努颱風 | I17: 45143.417 | J17: 2 | K17: 18.056393 | L17: 0 | M17: 0.12 | N17: 0 | O17: 0.12039731 | P17: 否 | Q17: 2 | R17: 18.056393 | S17: 300 | T17: C0I010 | U17: 廬山 | V17: 792.5 | W17: 6 | X17: 695 | Y17: 34.5 | Z17: 34.5 | AA17: 46 | AB17: 445 | AC17: <2 | AD17: <2 | AE17: <2 | AF17: <2 | AG17: 5年 | AH17: 89.5 | AI17: 247 | AJ17: 334.5 | AK17: 529.5 | AL17: 710 | AM17: 10年 | AN17: 100年 | AO17: 100年 | AP17: 200年 | AQ17: 200年 | AR17: 42
A18: 南投縣 | B18: 水里鄉 | C18: 興隆村 | D18: 投縣DF163 | E18: 南興橋 | F18: 溪流型 | G18: 85 | H18: 賀伯颱風 | I18: 35277 | J18: 1 | L18: 0.64 | M18: 7.79 | N18: 0.58055152 | O18: 7.0664006 | P18: 否 | Q18: 1 | S18: - | T18: C1I080 | U18: 信義 | V18: 803 | W18: 71 | X18: 489.9 | Y18: 157 | Z18: 248.5 | AA18: 341 | AB18: 408.5 | AC18: 2年 | AD18: 10年 | AE18: 25年 | AF18: 25年 | AG18: 10年 | AH18: 71 | AI18: 211.5 | AJ18: 386 | AK18: 587 | AL18: 754 | AM18: 2年 | AN18: 100年 | AO18: 200年 | AP18: 200年 | AQ18: 200年 | AR18: 19
A19: 南投縣 | B19: 水里鄉 | C19: 興隆村 | D19: 投縣DF163 | E19: 南興橋 | F19: 溪流型 | G19: 90 | H19: 桃芝颱風 | I19: 37102 | J19: 2 | K19: 5 | L19: 33.58 | M19: 22.55 | N19: 30.460813 | O19: 20.45537 | P19: 是 | S19: - | T19: C1I160 | U19: 龍神橋 | V19: 485.5 | W19: 130.5 | X19: 306.4 | Y19: 246 | Z19: 265 | AA19: 297.5 | AB19: 297.5 | AC19: 200年 | AD19: 200年 | AE19: 25年 | AF19: 5年 | AG19: 2年 | AH19: 130.5 | AI19: 285.5 | AJ19: 403 | AK19: 454.5 | AL19: 485.5 | AM19: 200年 | AN19: 200年 | AO19: 200年 | AP19: 200年 | AQ19: 25年 | AR19: 9
A20: 南投縣 | B20: 水里鄉 | C20: 上安村 | D20: 投縣DF165 | E20: 三部坑溪 | F20: 溪流型 | G20: 85 | H20: 賀伯颱風 | I20: 35277 | J20: 1 | L20: 4.57 | M20: 2.72 | N20: 1.342696 | O20: 0.79915384 | P20: 否 | Q20: 1 | S20: - | T20: C1I080 | U20: 信義 | V20: 803 | W20: 71 | X20: 489.9 | Y20: 157 | Z20: 248.5 | AA20: 341 | AB20: 408.5 | AC20: 2年 | AD20: 10年 | AE20: 25年 | AF20: 25年 | AG20: 10年 | AH20: 71 | AI20: 211.5 | AJ20: 386 | AK20: 587 | AL20: 754 | AM20: 2年 | AN20: 100年 | AO20: 200年 | AP20: 200年 | AQ20: 200年 | AR20: 19
A21: 南投縣 | B21: 水里鄉 | C21: 上安村 | D21: 投縣DF165 | E21: 三部坑溪 | F21: 溪流型 | G21: 90 | H21: 桃芝颱風 | I21: 37102 | J21: 2 | K21: 5 | L21: 0.07 | M21: 59.499483 | N21: 0.020566459 | O21: 17.481338 | P21: 是 | S21: - | T21: C1I160 | U21: 龍神橋 | V21: 485.5 | W21: 130.5 | X21: 306.4 | Y21: 246 | Z21: 265 | AA21: 297.5 | AB21: 297.5 | AC21: 200年 | AD21: 200年 | AE21: 25年 | AF21: 5年 | AG21: 2年 | AH21: 130.5 | AI21: 285.5 | AJ21: 403 | AK21: 454.5 | AL21: 485.5 | AM21: 200年 | AN21: 200年 | AO21: 200年 | AP21: 200年 | AQ21: 25年 | AR21: 9
A22: 南投縣 | B22: 水里鄉 | C22: 上安村 | D22: 投縣DF165 | E22: 三部坑溪 | F22: 溪流型 | G22: 94 | H22: 馬莎颱風 | I22: 38569.5 | J22: 3 | K22: 4.0205479 | L22: 1.79 | M22: 1.63 | N22: 0.52591374 | O22: 0.47890469 | P22: 否 | Q22: 1 | S22: 300 | T22: C1I160 | U22: 龍神橋 | V22: 321 | W22: 2.5 | X22: 323.5 | Y22: 2.5 | Z22: 45 | AA22: 81 | AB22: 291 | AC22: <2 | AD22: <2 | AE22: <2 | AF22: <2 | AG22: <2 | AH22: 50.5 | AI22: 96.5 | AJ22: 149.5 | AK22: 223.5 | AL22: 321 | AM22: <2 | AN22: <2 | AO22: <2 | AP22: <2 | AQ22: 2年 | AR22: 23
A23: 南投縣 | B23: 水里鄉 | C23: 上安村 | D23: 投縣DF165 | E23: 三部坑溪 | F23: 溪流型 | G23: 95 | H23: 0609豪雨 | I23: 38878.5 | J23: 4 | K23: 0.84657534 | L23: 1.63 | M23: 5 | N23: 0.47890469 | O23: 1.4690328 | P23: 否 | Q23: 2 | R23: 0.84657534 | S23: 200 | T23: C1I160 | U23: 龍神橋 | V23: 445.5 | W23: 3.5 | X23: 401.6 | Y23: 24 | Z23: 93 | AA23: 138 | AB23: 263 | AC23: <2 | AD23: <2 | AE23: <2 | AF23: <2 | AG23: <2 | AH23: 41 | AI23: 83 | AJ23: 139 | AK23: 196.5 | AL23: 309 | AM23: <2 | AN23: <2 | AO23: <2 | AP23: <2 | AQ23: 2年 | AR23: 33
A24: 南投縣 | B24: 水里鄉 | C24: 郡坑村 | D24: 投縣DF167 | E24: 二部坑溪 | F24: 溪流型 | G24: 85 | H24: 賀伯颱風 | I24: 35277 | J24: 1 | L24: 0.42 | M24: 0.06 | N24: 0.61046512 | O24: 0.087209302 | P24: 否 | Q24: 1 | S24: - | T24: C1I080 | U24: 信義 | V24: 803 | W24: 71 | X24: 489.9 | Y24: 157 | Z24: 248.5 | AA24: 341 | AB24: 408.5 | AC24: 2年 | AD24: 10年 | AE24: 25年 | AF24: 25年 | AG24: 10年 | AH24: 71 | AI24: 211.5 | AJ24: 386 | AK24: 587 | AL24: 754 | AM24: 2年 | AN24: 100年 | AO24: 200年 | AP24: 200年 | AQ24: 200年 | AR24: 19
A25: 南投縣 | B25: 水里鄉 | C25: 郡坑村 | D25: 投縣DF167 | E25: 二部坑溪 | F25: 溪流型 | G25: 90 | H25: 桃芝颱風 | I25: 37102 | J25: 2 | K25: 5 | L25: 1.83 | M25: 15.03 | N25: 2.6598837 | O25: 21.84593 | P25: 是 | S25: - | T25: C1I160 | U25: 龍神橋 | V25: 485.5 | W25: 130.5 | X25: 306.4 | Y25: 246 | Z25: 265 | AA25: 297.5 | AB25: 297.5 | AC25: 200年 | AD25: 200年 | AE25: 25年 | AF25: 5年 | AG25: 2年 | AH25: 130.5 | AI25: 285.5 | AJ25: 403 | AK25: 454.5 | AL25: 485.5 | AM25: 200年 | AN25: 200年 | AO25: 200年 | AP25: 200年 | AQ25: 25年 | AR25: 9
A26: 南投縣 | B26: 水里鄉 | C26: 新山村 | D26: 投縣DF169 | E26: 新安橋(南平坑) | F26: 溪流型 | G26: 85 | H26: 賀伯颱風 | I26: 35278.083 | J26: 1 | L26: 3.5 | M26: 2.02 | N26: 2.6229017 | O26: 1.513789 | P26: 否 | Q26: 1 | S26: - | T26: C1I080 | U26: 信義 | V26: 803 | W26: 71 | X26: 489.9 | Y26: 157 | Z26: 248.5 | AA26: 341 | AB26: 408.5 | AC26: 2年 | AD26: 10年 | AE26: 25年 | AF26: 25年 | AG26: 10年 | AH26: 71 | AI26: 211.5 | AJ26: 386 | AK26: 587 | AL26: 754 | AM26: 2年 | AN26: 100年 | AO26: 200年 | AP26: 200年 | AQ26: 200年 | AR26: 19
A27: 南投縣 | B27: 水里鄉 | C27: 新山村 | D27: 投縣DF169 | E27: 新安橋(南平坑) | F27: 溪流型 | G27: 90 | H27: 桃芝颱風 | I27: 37102 | J27: 2 | K27: 4.997032 | L27: 4.26 | M27: 20.703212 | N27: 3.192446 | O27: 15.514997 | P27: 是 | S27: - | T27: C1I160 | U27: 龍神橋 | V27: 485.5 | W27: 130.5 | X27: 306.4 | Y27: 246 | Z27: 265 | AA27: 297.5 | AB27: 297.5 | AC27: 200年 | AD27: 200年 | AE27: 25年 | AF27: 5年 | AG27: 2年 | AH27: 130.5 | AI27: 285.5 | AJ27: 403 | AK27: 454.5 | AL27: 485.5 | AM27: 200年 | AN27: 200年 | AO27: 200年 | AP27: 200年 | AQ27: 25年 | AR27: 9
A28: 南投縣 | B28: 水里鄉 | C28: 新山村 | D28: 投縣DF170 | F28: 溪流型 | G28: 85 | H28: 賀伯颱風 | I28: 35278.083 | J28: 1 | L28: 1.08 | M28: 0.37 | N28: 1.2746371 | O28: 0.43668122 | P28: 否 | Q28: 1 | S28: - | T28: C1I080 | U28: 信義 | V28: 803 | W28: 71 | X28: 489.9 | Y28: 157 | Z28: 248.5 | AA28: 341 | AB28: 408.5 | AC28: 2年 | AD28: 10年 | AE28: 25年 | AF28: 25年 | AG28: 10年 | AH28: 71 | AI28: 211.5 | AJ28: 386 | AK28: 587 | AL28: 754 | AM28: 2年 | AN28: 100年 | AO28: 200年 | AP28: 200年 | AQ28: 200年 | AR28: 19
A29: 南投縣 | B29: 水里鄉 | C29: 新山村 | D29: 投縣DF170 | F29: 溪流型 | G29: 90 | H29: 桃芝颱風 | I29: 37102 | J29: 2 | K29: 4.997032 | L29: 0.48 | M29: 8.085844 | N29: 0.56650537 | O29: 9.543071 | P29: 是 | S29: - | T29: C1I160 | U29: 龍神橋 | V29: 485.5 | W29: 130.5 | X29: 306.4 | Y29: 246 | Z29: 265 | AA29: 297.5 | AB29: 297.5 | AC29: 200年 | AD29: 200年 | AE29: 25年 | AF29: 5年 | AG29: 2年 | AH29: 130.5 | AI29: 285.5 | AJ29: 403 | AK29: 454.5 | AL29: 485.5 | AM29: 200年 | AN29: 200年 | AO29: 200年 | AP29: 200年 | AQ29: 25年 | AR29: 9
A30: 南投縣 | B30: 信義鄉 | C30: 潭南村 | D30: 投縣DF178 | E30: 潭南一號橋 | F30: 溪流型 | G30: 90 | H30: 桃芝颱風 | I30: 37102.25 | J30: 1 | L30: 3.7 | M30: 5.8128247 | N30: 0.92571743 | O30: 1.4543333 | P30: 是 | S30: - | T30: C1I150 | U30: 青雲 | V30: 459.5 | W30: 100.5 | X30: 284.8 | Y30: 185 | Z30: 228.5 | AA30: 265.5 | AB30: 265.5 | AC30: 25年 | AD30: 25年 | AE30: 10年 | AF30: 2年 | AG30: <2 | AH30: 100.5 | AI30: 251 | AJ30: 340 | AK30: 420 | AL30: 459.5 | AM30: 25年 | AN30: 200年 | AO30: 200年 | AP30: 50年 | AQ30: 10年 | AR30: 9
A31: 南投縣 | B31: 信義鄉 | C31: 潭南村 | D31: 投縣DF178 | E31: 潭南一號橋 | F31: 溪流型 | G31: 97 | H31: 卡玫基颱風 | I31: 39647.083 | J31: 2 | K31: 6.9721461 | L31: 0 | M31: 2.04 | N31: 0 | O31: 0.51039556 | P31: 否 | Q31: 1 | S31: 250 | T31: C1I150 | U31: 青雲 | V31: 404 | W31: 109 | X31: 272.6 | Y31: 212.5 | Z31: 234 | AA31: 242 | AB31: 242 | AC31: 50年 | AD31: 50年 | AE31: 10年 | AF31: 2年 | AG31: <2 | AH31: 108 | AI31: 222.5 | AJ31: 309 | AK31: 376 | AL31: 404 | AM31: 50年 | AN31: 100年 | AO31: 50年 | AP31: 25年 | AQ31: 5年 | AR31: 11
A32: 南投縣 | B32: 信義鄉 | C32: 明德村 | D32: 投縣DF187 | F32: 坡面型 | G32: 90 | H32: 桃芝颱風 | I32: 37102.292 | J32: 1 | L32: 0 | M32: 0 | N32: 0 | O32: 0 | P32: 是 | S32: - | T32: C1I080 | U32: 信義 | V32: 465 | W32: 125.5 | X32: 340.9 | Y32: 129.5 | Z32: 146.5 | AA32: 182 | AB32: 182 | AC32: 200年 | AD32: 2年 | AE32: <2 | AF32: <2 | AG32: <2 | AH32: 125.5 | AI32: 244 | AJ32: 368 | AK32: 429.5 | AL32: 465 | AM32: 200年 | AN32: 200年 | AO32: 200年 | AP32: 200年 | AQ32: 25年 | AR32: 9
A33: 南投縣 | B33: 信義鄉 | C33: 明德村 | D33: 投縣DF187 | F33: 坡面型 | G33: 113 | H33: 凱米颱風 | I33: 45498.125 | J33: 2 | K33: 23.002283 | L33: 0 | M33: 0 | N33: 0 | O33: 0 | P33: 否 | Q33: 1 | S33: 300 | T33: C0I080 | U33: 信義 | V33: 613.5 | W33: 52.5 | X33: 336.5 | Y33: 148 | Z33: 193.5 | AA33: 297 | AB33: 337.5 | AC33: <2 | AD33: 5年 | AE33: 5年 | AF33: 10年 | AG33: 2年 | AH33: 53 | AI33: 148.5 | AJ33: 231 | AK33: 332.5 | AL33: 526.5 | AM33: <2 | AN33: 5年 | AO33: 10年 | AP33: 25年 | AQ33: 100年 | AR33: 38
A34: 南投縣 | B34: 信義鄉 | C34: 豐丘村 | D34: 投縣DF189 | E34: 豐丘明隧道 | F34: 溪流型 | G34: 85 | H34: 賀伯颱風 | I34: 35278.042 | J34: 1 | L34: 0.43 | M34: 2.33 | N34: 0.22916223 | O34: 1.2417395 | P34: 否 | Q34: 1 | S34: - | T34: C1I080 | U34: 信義 | V34: 803 | W34: 71 | X34: 489.9 | Y34: 157 | Z34: 248.5 | AA34: 341 | AB34: 408.5 | AC34: 2年 | AD34: 10年 | AE34: 25年 | AF34: 25年 | AG34: 10年 | AH34: 71 | AI34: 211.5 | AJ34: 386 | AK34: 587 | AL34: 754 | AM34: 2年 | AN34: 100年 | AO34: 200年 | AP34: 200年 | AQ34: 200年 | AR34: 19
A35: 南投縣 | B35: 信義鄉 | C35: 豐丘村 | D35: 投縣DF189 | E35: 豐丘明隧道 | F35: 溪流型 | G35: 90 | H35: 桃芝颱風 | I35: 37102 | J35: 2 | K35: 4.9971461 | L35: 0 | M35: 4.0253106 | N35: 0 | O35: 2.1452305 | P35: 是 | S35: - | T35: C1I080 | U35: 信義 | V35: 465 | W35: 125.5 | X35: 340.9 | Y35: 129.5 | Z35: 146.5 | AA35: 182 | AB35: 182 | AC35: 200年 | AD35: 2年 | AE35: <2 | AF35: <2 | AG35: <2 | AH35: 125.5 | AI35: 244 | AJ35: 368 | AK35: 429.5 | AL35: 465 | AM35: 200年 | AN35: 200年 | AO35: 200年 | AP35: 200年 | AQ35: 25年 | AR35: 9
A36: 南投縣 | B36: 信義鄉 | C36: 豐丘村 | D36: 投縣DF189 | E36: 豐丘明隧道 | F36: 溪流型 | G36: 97 | H36: 辛樂克颱風 | I36: 39706.792 | J36: 3 | K36: 7.1364155 | L36: 0.84 | M36: 0.58 | N36: 0.44766574 | O36: 0.30910254 | P36: 否 | Q36: 1 | S36: 250 | T36: C1I080 | U36: 信義 | V36: 598 | W36: 2.5 | X36: 552.5 | Y36: 6 | Z36: 12 | AA36: 30.5 | AB36: 30.5 | AC36: <2 | AD36: <2 | AE36: <2 | AF36: <2 | AG36: <2 | AH36: 43 | AI36: 118 | AJ36: 197 | AK36: 296.5 | AL36: 475 | AM36: <2 | AN36: 2年 | AO36: 5年 | AP36: 10年 | AQ36: 25年 | AR36: 38
A37: 南投縣 | B37: 信義鄉 | C37: 豐丘村 | D37: 投縣DF190 | E37: 豐丘 | F37: 溪流型 | G37: 85 | H37: 賀伯颱風 | I37: 35278 | J37: 1 | L37: 0.33 | M37: 0.18 | N37: 0.20521112 | O37: 0.21176471 | P37: 否 | Q37: 1 | S37: - | T37: C1I080 | U37: 信義 | V37: 803 | W37: 71 | X37: 489.9 | Y37: 157 | Z37: 248.5 | AA37: 341 | AB37: 408.5 | AC37: 2年 | AD37: 10年 | AE37: 25年 | AF37: 25年 | AG37: 10年 | AH37: 71 | AI37: 211.5 | AJ37: 386 | AK37: 587 | AL37: 754 | AM37: 2年 | AN37: 100年 | AO37: 200年 | AP37: 200年 | AQ37: 200年 | AR37: 19
A38: 南投縣 | B38: 信義鄉 | C38: 豐丘村 | D38: 投縣DF190 | E38: 豐丘 | F38: 溪流型 | G38: 90 | H38: 桃芝颱風 | I38: 37102 | J38: 2 | K38: 4.9972603 | L38: 0 | M38: 8.4433681 | N38: 0 | O38: 9.3815202 | P38: 是 | S38: - | T38: C1I080 | U38: 信義 | V38: 465 | W38: 125.5 | X38: 340.9 | Y38: 129.5 | Z38: 146.5 | AA38: 182 | AB38: 182 | AC38: 200年 | AD38: 2年 | AE38: <2 | AF38: <2 | AG38: <2 | AH38: 125.5 | AI38: 244 | AJ38: 368 | AK38: 429.5 | AL38: 465 | AM38: 200年 | AN38: 200年 | AO38: 200年 | AP38: 200年 | AQ38: 25年 | AR38: 9
A39: 南投縣 | B39: 信義鄉 | C39: 豐丘村 | D39: 投縣DF190 | E39: 豐丘 | F39: 溪流型 | G39: 101 | H39: 0504豪雨 | I39: 41032.667 | J39: 3 | K39: 10.76895 | L39: 1.62 | M39: 2.13 | N39: 1.0074 | O39: 1.3245445 | P39: 否 | Q39: 1 | S39: 250 | T39: C1I290 | U39: 豐丘 | V39: 138 | W39: 38.5 | X39: 121.4 | Y39: 92 | Z39: 138 | AA39: 138 | AB39: 138 | AC39: <2 | AD39: <2 | AE39: <2 | AF39: <2 | AG39: <2 | AH39: 46.5 | AI39: 92 | AJ39: 138 | AK39: 138 | AL39: 138 | AM39: <2 | AN39: <2 | AO39: <2 | AP39: <2 | AQ39: <2 | AR39: 138
A40: 南投縣 | B40: 信義鄉 | C40: 豐丘村 | D40: 投縣DF191 | F40: 溪流型 | G40: 85 | H40: 賀伯颱風 | I40: 35277.458 | J40: 1 | L40: 0.06 | M40: 0.91 | N40: 0.033370412 | O40: 0.50611791 | P40: 否 | Q40: 1 | S40: - | T40: C1I080 | U40: 信義 | V40: 803 | W40: 71 | X40: 489.9 | Y40: 157 | Z40: 248.5 | AA40: 341 | AB40: 408.5 | AC40: 2年 | AD40: 10年 | AE40: 25年 | AF40: 25年 | AG40: 10年 | AH40: 71 | AI40: 211.5 | AJ40: 386 | AK40: 587 | AL40: 754 | AM40: 2年 | AN40: 100年 | AO40: 200年 | AP40: 200年 | AQ40: 200年 | AR40: 19
A41: 南投縣 | B41: 信義鄉 | C41: 豐丘村 | D41: 投縣DF191 | F41: 溪流型 | G41: 90 | H41: 桃芝颱風 | I41: 37102 | J41: 2 | K41: 4.9987443 | L41: 0 | M41: 10.127449 | N41: 0 | O41: 5.6326193 | P41: 是 | S41: - | T41: C1I080 | U41: 信義 | V41: 465 | W41: 125.5 | X41: 340.9 | Y41: 129.5 | Z41: 146.5 | AA41: 182 | AB41: 182 | AC41: 200年 | AD41: 2年 | AE41: <2 | AF41: <2 | AG41: <2 | AH41: 125.5 | AI41: 244 | AJ41: 368 | AK41: 429.5 | AL41: 465 | AM41: 200年 | AN41: 200年 | AO41: 200年 | AP41: 200年 | AQ41: 25年 | AR41: 9
A42: 南投縣 | B42: 信義鄉 | C42: 羅娜村 | D42: 投縣DF193 | E42: 筆石溪 | F42: 溪流型 | G42: 85 | H42: 賀伯颱風 | I42: 35277 | J42: 1 | L42: 12.2 | M42: 66.85 | N42: 0.77529232 | O42: 4.2482206 | P42: 否 | Q42: 1 | S42: - | T42: C1I060 | U42: 望鄉 | V42: 881 | W42: 68 | X42: 650.3 | Y42: 155 | Z42: 276 | AA42: 487 | AB42: 628.5 | AC42: 2年 | AD42: 2年 | AE42: 10年 | AF42: 100年 | AG42: 50年 | AH42: 68 | AI42: 158 | AJ42: 279.5 | AK42: 523.5 | AL42: 822 | AM42: 2年 | AN42: 5年 | AO42: 10年 | AP42: 200年 | AQ42: 200年 | AR42: 19
A43: 南投縣 | B43: 信義鄉 | C43: 羅娜村 | D43: 投縣DF193 | E43: 筆石溪 | F43: 溪流型 | G43: 90 | H43: 桃芝颱風 | I43: 37102 | J43: 2 | K43: 5 | L43: 0 | M43: 61.4 | N43: 0 | O43: 3.901881 | P43: 是 | S43: - | T43: C1I060 | U43: 望鄉 | V43: 587 | W43: 77 | X43: 260.8 | Y43: 181.5 | Z43: 219 | AA43: 219 | AB43: 219 | AC43: 2年 | AD43: 10年 | AE43: 2年 | AF43: <2 | AG43: <2 | AH43: 77 | AI43: 203.5 | AJ43: 347.5 | AK43: 536 | AL43: 587 | AM43: 2年 | AN43: 25年 | AO43: 100年 | AP43: 200年 | AQ43: 25年 | AR43: 5
A44: 南投縣 | B44: 信義鄉 | C44: 神木村 | D44: 投縣DF198 | E44: 玉泉橋 | F44: 溪流型 | G44: 85 | H44: 賀伯颱風 | I44: 35278.042 | J44: 1 | L44: 0.16 | M44: 2.91 | N44: 0.074871315 | O44: 1.361722 | P44: 否 | Q44: 1 | S44: - | T44: C1I070 | U44: 和社 | V44: 671.5 | W44: 65.5 | X44: 454.1 | Y44: 181 | Z44: 266.5 | AA44: 346 | AB44: 443 | AC44: 2年 | AD44: 25年 | AE44: 25年 | AF44: 25年 | AG44: 25年 | AH44: 65.5 | AI44: 181 | AJ44: 337.5 | AK44: 478 | AL44: 615 | AM44: 2年 | AN44: 25年 | AO44: 200年 | AP44: 200年 | AQ44: 200年 | AR44: 20
A45: 南投縣 | B45: 信義鄉 | C45: 神木村 | D45: 投縣DF198 | E45: 玉泉橋 | F45: 溪流型 | G45: 90 | H45: 桃芝颱風 | I45: 37102 | J45: 2 | K45: 4.9971461 | L45: 12.43 | M45: 23.76 | N45: 5.8165653 | O45: 11.11839 | P45: 是 | S45: - | T45: C0H9A0 | U45: 神木村 | V45: 629 | W45: 91.5 | X45: 458.6 | Y45: 218.5 | Z45: 335 | AA45: 406 | AB45: 406 | AC45: 10年 | AD45: 25年 | AE45: 50年 | AF45: 10年 | AG45: 2年 | AH45: 91.5 | AI45: 219 | AJ45: 375 | AK45: 544 | AL45: 629 | AM45: 10年 | AN45: 25年 | AO45: 100年 | AP45: 200年 | AQ45: 25年 | AR45: 9
A46: 南投縣 | B46: 信義鄉 | C46: 神木村 | D46: 投縣DF199 | E46: 出水溪 | F46: 溪流型 | G46: 85 | H46: 賀伯颱風 | I46: 35278 | J46: 1 | L46: 3.76 | M46: 16.5 | N46: 0.44497568 | O46: 1.9526858 | P46: 否 | Q46: 1 | S46: - | T46: C1M440 | U46: 新高口 | V46: 714 | W46: 112.5 | X46: 522.4 | Y46: 138 | Z46: 237 | AA46: 371 | AB46: 485 | AC46: 50年 | AD46: 2年 | AE46: 5年 | AF46: 10年 | AG46: 5年 | AH46: 112.5 | AI46: 199.5 | AJ46: 319.5 | AK46: 483 | AL46: 737 | AM46: 50年 | AN46: 10年 | AO46: 25年 | AP46: 50年 | AQ46: 200年 | AR46: 21
A47: 南投縣 | B47: 信義鄉 | C47: 神木村 | D47: 投縣DF199 | E47: 出水溪 | F47: 溪流型 | G47: 87 | H47: 豪雨 | I47: 35924 | J47: 2 | K47: 1.769863 | L47: 4.43 | M47: 5.07 | N47: 0.52426656 | O47: 0.6000071 | P47: 否 | Q47: 2 | R47: 1.769863 | S47: - | T47: C1M440 | U47: 新高口 | V47: 13.5 | W47: 13.5 | X47: 13.5 | Y47: 13.5 | Z47: 13.5 | AA47: 13.5 | AB47: 13.5 | AC47: <2 | AD47: <2 | AE47: <2 | AF47: <2 | AG47: <2 | AH47: 13.5 | AI47: 13.5 | AJ47: 13.5 | AK47: 13.5 | AL47: 13.5 | AM47: <2 | AN47: <2 | AO47: <2 | AP47: <2 | AQ47: <2 | AR47: 1
A48: 南投縣 | B48: 信義鄉 | C48: 神木村 | D48: 投縣DF199 | E48: 出水溪 | F48: 溪流型 | G48: 88 | H48: 豪雨 | I48: 36308 | J48: 3 | K48: 1.0520548 | L48: 6 | M48: 14.71 | N48: 0.71006757 | O48: 1.740849 | P48: 否 | Q48: 3 | R48: 1.0520548 | S48: - | T48: C0H9A0 | U48: 神木村 | V48: 236 | W48: 22.5 | X48: 170.7 | Y48: 48.5 | Z48: 84.5 | AA48: 114.5 | AB48: 166.5 | AC48: <2 | AD48: <2 | AE48: <2 | AF48: <2 | AG48: <2 | AH48: 22.5 | AI48: 51.5 | AJ48: 92 | AK48: 128.5 | AL48: 199 | AM48: <2 | AN48: <2 | AO48: <2 | AP48: <2 | AQ48: <2 | AR48: 21
A49: 南投縣 | B49: 信義鄉 | C49: 神木村 | D49: 投縣DF199 | E49: 出水溪 | F49: 溪流型 | G49: 90 | H49: 桃芝颱風 | I49: 37102 | J49: 4 | K49: 2.1753425 | L49: 14.56 | M49: 37.3 | N49: 1.7230973 | O49: 4.4142534 | P49: 是 | S49: - | T49: C0H9A0 | U49: 神木村 | V49: 517 | W49: 91.5 | X49: 458.6 | Y49: 218.5 | Z49: 335 | AA49: 406 | AB49: 406 | AC49: 10年 | AD49: 25年 | AE49: 50年 | AF49: 10年 | AG49: 2年 | AH49: 91.5 | AI49: 219 | AJ49: 375 | AK49: 544 | AL49: 629 | AM49: 10年 | AN49: 25年 | AO49: 100年 | AP49: 200年 | AQ49: 25年 | AR49: 9
A50: 南投縣 | B50: 信義鄉 | C50: 神木村 | D50: 投縣DF199 | E50: 出水溪 | F50: 溪流型 | G50: 93 | H50: 敏督利颱風 | I50: 38170 | J50: 5 | K50: 2.9260274 | L50: 23.43 | M50: 56.34 | N50: 2.7728139 | O50: 6.6675345 | P50: 是 | S50: 200 | T50: C0H9A0 | U50: 神木村 | V50: 1254 | W50: 72.5 | X50: 494.5 | Y50: 104.5 | Z50: 149 | AA50: 275.5 | AB50: 481 | AC50: 2年 | AD50: <2 | AE50: <2 | AF50: <2 | AG50: 5年 | AH50: 72.5 | AI50: 162.5 | AJ50: 285.5 | AK50: 408.5 | AL50: 684.5 | AM50: 2年 | AN50: 5年 | AO50: 10年 | AP50: 10年 | AQ50: 50年 | AR50: 20
A51: 南投縣 | B51: 信義鄉 | C51: 神木村 | D51: 投縣DF199 | E51: 出水溪 | F51: 溪流型 | G51: 98 | H51: 莫拉克颱風 | I51: 40033.625 | J51: 6 | K51: 5.1058219 | L51: 57.6 | M51: 73.25 | N51: 6.8166487 | O51: 8.6687416 | P51: 否 | Q51: 1 | S51: 250 | T51: C0H9A0 | U51: 神木村 | V51: 1919 | W51: 34 | X51: 576.1 | Y51: 91.5 | Z51: 152 | AA51: 289.5 | AB51: 423 | AC51: <2 | AD51: <2 | AE51: <2 | AF51: 2年 | AG51: 2年 | AH51: 95 | AI51: 255.5 | AJ51: 392 | AK51: 653 | AL51: 1138.5 | AM51: 10年 | AN51: 100年 | AO51: 200年 | AP51: 200年 | AQ51: 200年 | AR51: 39
A52: 南投縣 | B52: 信義鄉 | C52: 神木村 | D52: 投縣DF200 | E52: 舊愛玉橋 | F52: 溪流型 | G52: 90 | H52: 桃芝颱風 | I52: 37102.292 | J52: 1 | L52: 5.19 | M52: 7.370195 | N52: 0.78633981 | O52: 1.1166624 | P52: 是 | S52: - | T52: C0H9A0 | U52: 神木村 | V52: 629 | W52: 91.5 | X52: 458.6 | Y52: 218.5 | Z52: 335 | AA52: 406 | AB52: 406 | AC52: 10年 | AD52: 25年 | AE52: 50年 | AF52: 10年 | AG52: 2年 | AH52: 91.5 | AI52: 219 | AJ52: 375 | AK52: 544 | AL52: 629 | AM52: 10年 | AN52: 25年 | AO52: 100年 | AP52: 200年 | AQ52: 25年 | AR52: 9
A53: 南投縣 | B53: 信義鄉 | C53: 神木村 | D53: 投縣DF200 | E53: 舊愛玉橋 | F53: 溪流型 | G53: 98 | H53: 莫拉克颱風 | I53: 40033.875 | J53: 2 | K53: 8.0317352 | L53: 0 | M53: 9.8 | N53: 0 | O53: 1.4848035 | P53: 否 | Q53: 1 | S53: 250 | T53: C0H9A0 | U53: 神木村 | V53: 1919 | W53: 38 | X53: 786.9 | Y53: 122.5 | Z53: 240.5 | AA53: 392.5 | AB53: 604.5 | AC53: <2 | AD53: <2 | AE53: 5年 | AF53: 10年 | AG53: 25年 | AH53: 95 | AI53: 255.5 | AJ53: 392 | AK53: 653 | AL53: 1138.5 | AM53: 10年 | AN53: 100年 | AO53: 200年 | AP53: 200年 | AQ53: 200年 | AR53: 45
A54: 南投縣 | B54: 信義鄉 | C54: 同富村 | D54: 投縣DF202 | E54: 頭坑橋 | F54: 溪流型 | G54: 90 | H54: 桃芝颱風 | I54: 37102 | J54: 1 | L54: 0.53 | M54: 1.9153226 | N54: 0.12265963 | O54: 0.44326937 | P54: 是 | S54: - | T54: C1I070 | U54: 和社 | V54: 430.5 | W54: 66.5 | X54: 200.7 | Y54: 104 | Z54: 139 | AA54: 172 | AB54: 172 | AC54: 2年 | AD54: <2 | AE54: <2 | AF54: <2 | AG54: <2 | AH54: 66.5 | AI54: 191.5 | AJ54: 291.5 | AK54: 378 | AL54: 430.5 | AM54: 2年 | AN54: 25年 | AO54: 50年 | AP54: 50年 | AQ54: 10年 | AR54: 7
A55: 南投縣 | B55: 信義鄉 | C55: 同富村 | D55: 投縣DF202 | E55: 頭坑橋 | F55: 溪流型 | G55: 98 | H55: 莫拉克颱風 | I55: 40034.083 | J55: 2 | K55: 8.033105 | L55: 0 | M55: 21.8 | N55: 0 | O55: 5.0452452 | P55: 否 | Q55: 1 | S55: 250 | T55: C0H9A0 | U55: 神木村 | V55: 1919 | W55: 89 | X55: 1087.9 | Y55: 226.5 | Z55: 349 | AA55: 585.5 | AB55: 857 | AC55: 5年 | AD55: 50年 | AE55: 50年 | AF55: 200年 | AG55: 200年 | AH55: 95 | AI55: 255.5 | AJ55: 392 | AK55: 653 | AL55: 1138.5 | AM55: 10年 | AN55: 100年 | AO55: 200年 | AP55: 200年 | AQ55: 200年 | AR55: 49
A56: 南投縣 | B56: 信義鄉 | C56: 同富村 | D56: 投縣DF202 | E56: 頭坑橋 | F56: 溪流型 | G56: 101 | H56: 0610豪雨 | I56: 41071.792 | J56: 3 | K56: 2.8430365 | L56: 22.2 | M56: 18.08 | N56: 5.1378185 | O56: 4.1843135 | P56: 否 | Q56: 2 | R56: 2.8430365 | S56: 250 | T56: C1I340 | U56: 新興橋 | V56: 656.5 | W56: 18.5 | X56: 434.8 | Y56: 59 | Z56: 129 | AA56: 237.5 | AB56: 307 | AC56: <2 | AD56: <2 | AE56: <2 | AF56: <2 | AG56: <2 | AH56: 32 | AI56: 80.5 | AJ56: 150.5 | AK56: 244 | AL56: 353 | AM56: <2 | AN56: <2 | AO56: <2 | AP56: 2年 | AQ56: 2年 | AR56: 40
A57: 南投縣 | B57: 信義鄉 | C57: 東埔村 | D57: 投縣DF206 | E57: 東埔溫泉 | F57: 溪流型 | G57: 112 | H57: 一般降雨 | I57: 45162.708 | J57: 1 | L57: 0 | M57: 0 | N57: 0 | O57: 0 | P57: 否 | Q57: 1 | S57: 300 | T57: C1I070 | U57: 和社 | V57: 42 | W57: 29 | X57: 46 | Y57: 36.5 | Z57: 36.5 | AA57: 36.5 | AB57: 36.5 | AC57: <2 | AD57: <2 | AE57: <2 | AF57: <2 | AG57: <2 | AH57: 29 | AI57: 42 | AJ57: 42 | AK57: 42 | AL57: 42 | AM57: <2 | AN57: <2 | AO57: <2 | AP57: <2 | AQ57: <2 | AR57: 3
A58: 南投縣 | B58: 信義鄉 | C58: 東埔村 | D58: 投縣DF206 | E58: 東埔溫泉 | F58: 溪流型 | G58: 113 | H58: 一般降雨 | I58: 45440.5 | J58: 2 | K58: 0.76107306 | L58: 0.1 | M58: 缺 | N58: 0.12410027 | O58: #VALUE! | P58: 否 | Q58: 2 | R58: 0.76107306 | S58: 300 | T58: 01H400 | U58: 東埔 | V58: 41 | W58: 18 | X58: 102 | Y58: 48.5 | Z58: 57.5 | AA58: 60 | AB58: 67 | AC58: <2 | AD58: <2 | AE58: <2 | AF58: <2 | AG58: <2 | AH58: 14 | AI58: 32 | AJ58: 41 | AK58: 41 | AL58: 41 | AM58: <2 | AN58: <2 | AO58: <2 | AP58: <2 | AQ58: <2 | AR58: 6
A59: 南投縣 | B59: 信義鄉 | C59: 東埔村 | D59: 投縣DF206 | E59: 東埔溫泉 | F59: 溪流型 | G59: 113 | H59: 凱米颱風 | I59: 45498 | J59: 3 | K59: 0.15753425 | L59: 缺 | M59: 缺 | N59: #VALUE! | O59: #VALUE! | P59: 否 | Q59: 3 | R59: 0.15753425 | S59: 300 | T59: 01H400 | U59: 東埔 | V59: 342 | W59: 11 | X59: 93 | Y59: 22 | Z59: 52 | AA59: 99 | AB59: 120 | AC59: <2 | AD59: <2 | AE59: <2 | AF59: <2 | AG59: <2 | AH59: 38 | AI59: 82 | AJ59: 126 | AK59: 177 | AL59: 284 | AM59: <2 | AN59: <2 | AO59: <2 | AP59: 2年 | AQ59: 10年 | AR59: 15
A60: 南投縣 | B60: 信義鄉 | C60: 神木村 | D60: 投縣DF226 | E60: 愛玉子溪 | F60: 溪流型 | G60: 85 | H60: 賀伯颱風 | I60: 35278 | J60: 1 | L60: 13.75 | M60: 20.05 | N60: 3.6633452 | O60: 5.3418234 | P60: 否 | Q60: 1 | S60: - | T60: C1M440 | U60: 新高口 | V60: 714 | W60: 112.5 | X60: 522.4 | Y60: 138 | Z60: 237 | AA60: 371 | AB60: 485 | AC60: 25年 | AD60: 25年 | AE60: 100年 | AF60: 50年 | AG60: 50年 | AH60: 112.5 | AI60: 199.5 | AJ60: 319.5 | AK60: 483 | AL60: 737 | AM60: 50年 | AN60: 10年 | AO60: 25年 | AP60: 50年 | AQ60: 200年 | AR60: 21
A61: 南投縣 | B61: 信義鄉 | C61: 神木村 | D61: 投縣DF226 | E61: 愛玉子溪 | F61: 溪流型 | G61: 90 | H61: 桃芝颱風 | I61: 37102 | J61: 2 | K61: 4.9972603 | L61: 38.125 | M61: 44.93 | N61: 10.157457 | O61: 11.97048 | P61: 是 | S61: - | T61: C0H9A0 | U61: 神木村 | V61: 517 | W61: 91.5 | X61: 458.6 | Y61: 218.5 | Z61: 335 | AA61: 406 | AB61: 406 | AC61: 10年 | AD61: 25年 | AE61: 50年 | AF61: 10年 | AG61: 2年 | AH61: 91.5 | AI61: 219 | AJ61: 375 | AK61: 544 | AL61: 629 | AM61: 10年 | AN61: 25年 | AO61: 100年 | AP61: 200年 | AQ61: 25年 | AR61: 9
A62: 南投縣 | B62: 信義鄉 | C62: 神木村 | D62: 投縣DF226 | E62: 愛玉子溪 | F62: 溪流型 | G62: 93 | H62: 敏督利颱風 | I62: 38170 | J62: 3 | K62: 2.9260274 | L62: 33.6 | M62: 51.4 | N62: 8.9518836 | O62: 13.694251 | P62: 是 | S62: 200 | T62: C0H9A0 | U62: 神木村 | V62: 1254 | W62: 72.5 | X62: 494.5 | Y62: 104.5 | Z62: 149 | AA62: 275.5 | AB62: 481 | AC62: 2年 | AD62: <2 | AE62: <2 | AF62: <2 | AG62: 5年 | AH62: 72.5 | AI62: 162.5 | AJ62: 285.5 | AK62: 408.5 | AL62: 684.5 | AM62: 2年 | AN62: 5年 | AO62: 10年 | AP62: 10年 | AQ62: 50年 | AR62: 20
A63: 南投縣 | B63: 信義鄉 | C63: 神木村 | D63: 投縣DF226 | E63: 愛玉子溪 | F63: 溪流型 | G63: 98 | H63: 莫拉克颱風 | I63: 40033.625 | J63: 4 | K63: 5.1058219 | L63: 58.131932 | M63: 190 | N63: 15.487806 | O63: 50.620771 | P63: 否 | Q63: 1 | S63: 250 | T63: C0H9A0 | U63: 神木村 | V63: 1919 | W63: 34 | X63: 576.1 | Y63: 98 | Z63: 159 | AA63: 295.5 | AB63: 453.5 | AC63: <2 | AD63: <2 | AE63: <2 | AF63: 2年 | AG63: 2年 | AH63: 95 | AI63: 255.5 | AJ63: 392 | AK63: 653 | AL63: 1138.5 | AM63: 10年 | AN63: 100年 | AO63: 200年 | AP63: 200年 | AQ63: 200年 | AR63: 39
A64: 南投縣 | B64: 信義鄉 | C64: 神木村 | D64: 投縣DF226 | E64: 愛玉子溪 | F64: 溪流型 | G64: 100 | H64: 0719豪雨 | I64: 40742.958 | J64: 5 | K64: 1.943379 | L64: 134.191 | M64: 152.915 | N64: 35.751852 | O64: 40.740396 | P64: 否 | Q64: 2 | R64: 1.943379 | S64: 250 | T64: C0H9A0 | U64: 神木村 | V64: 252 | W64: 15 | X64: 89.32 | Y64: 32 | Z64: 33 | AA64: 34 | AB64: 60.5 | AC64: <2 | AD64: <2 | AE64: <2 | AF64: <2 | AG64: <2 | AH64: 45 | AI64: 102.5 | AJ64: 173.5 | AK64: 245.5 | AL64: 252 | AM64: <2 | AN64: <2 | AO64: <2 | AP64: <2 | AQ64: <2 | AR64: 2
A65: 南投縣 | B65: 信義鄉 | C65: 神木村 | D65: 投縣DF226 | E65: 愛玉子溪 | F65: 溪流型 | G65: 101 | H65: 0610豪雨 | I65: 41070.792 | J65: 6 | K65: 0.89817352 | L65: 110.2 | M65: 116.1 | N65: 29.360047 | O65: 30.931955 | P65: 否 | Q65: 3 | R65: 0.89817352 | S65: 250 | T65: C0H9A0 | U65: 神木村 | V65: 949 | W65: 24.5 | X65: 228.6 | Y65: 82 | Z65: 122.5 | AA65: 153 | AB65: 180 | AC65: <2 | AD65: <2 | AE65: <2 | AF65: <2 | AG65: <2 | AH65: 39.5 | AI65: 84 | AJ65: 151 | AK65: 279.5 | AL65: 460.5 | AM65: <2 | AN65: <2 | AO65: <2 | AP65: 2年 | AQ65: 5年 | AR65: 12
A66: 南投縣 | B66: 信義鄉 | C66: 神木村 | D66: 投縣DF226 | E66: 愛玉子溪 | F66: 溪流型 | G66: 102 | H66: 蘇力颱風 | I66: 41468.287 | J66: 7 | K66: 1.0890297 | L66: 116.1 | M66: 129.7 | N66: 30.931955 | O66: 34.555336 | P66: 否 | Q66: 4 | R66: 1.0890297 | S66: 250 | T66: C0H9A0 | U66: 神木村 | V66: 617.5 | W66: 59.5 | X66: 340.7 | Y66: 136.5 | Z66: 254.5 | AA66: 328.5 | AB66: 332 | AC66: <2 | AD66: 2年 | AE66: 5年 | AF66: 2年 | AG66: <2 | AH66: 59.5 | AI66: 143 | AJ66: 254.5 | AK66: 436 | AL66: 617.5 | AM66: <2 | AN66: 2年 | AO66: 5年 | AP66: 25年 | AQ66: 25年 | AR66: 12
A67: 南投縣 | B67: 信義鄉 | C67: 神木村 | D67: 投縣DF226 | E67: 愛玉子溪 | F67: 溪流型 | G67: 103 | H67: 0520豪雨 | I67: 41779.537 | J67: 8 | K67: 0.85273782 | L67: 129.7 | M67: 97.26 | N67: 34.555336 | O67: 25.912506 | P67: 否 | Q67: 5 | R67: 0.85273782 | S67: 250 | T67: C0H9A0 | U67: 神木村 | V67: 153.5 | W67: 13 | X67: 88.9 | Y67: 42 | Z67: 42.5 | AA67: 42.5 | AB67: 62.5 | AC67: <2 | AD67: <2 | AE67: <2 | AF67: <2 | AG67: <2 | AH67: 35.5 | AI67: 63.5 | AJ67: 96.5 | AK67: 153.5 | AL67: 153.5 | AM67: <2 | AN67: <2 | AO67: <2 | AP67: <2 | AQ67: <2 | AR67: 1
A68: 雲林縣 | B68: 古坑鄉 | C68: 桂林村 | D68: 雲縣DF013 | F68: 坡面型 | G68: 106 | H68: 0601豪雨 | I68: 42889.958 | J68: 1 | L68: 0 | M68: 0.63 | N68: 0 | O68: 1.452617 | P68: 否 | Q68: 1 | S68: 300 | T68: C0K490 | U68: 古坑 | V68: 124 | W68: 54 | X68: 614 | Y68: 81 | Z68: 97.5 | AA68: 97.5 | AB68: 97.5 | AC68: <2 | AD68: <2 | AE68: <2 | AF68: <2 | AG68: <2 | AH68: 54 | AI68: 81 | AJ68: 107.5 | AK68: 124 | AL68: 124 | AM68: <2 | AN68: <2 | AO68: <2 | AP68: <2 | AQ68: <2 | AR68: 5
A69: 雲林縣 | B69: 古坑鄉 | C69: 桂林村 | D69: 雲縣DF013 | F69: 坡面型 | G69: 113 | H69: 凱米颱風 | I69: 45498.208 | J69: 2 | K69: 7.1458904 | L69: 0 | M69: 1.96 | N69: 0 | O69: 4.5192529 | P69: 否 | Q69: 2 | R69: 7.1458904 | S69: 400 | T69: 88K590 | U69: 華山 | V69: 1103.5 | W69: 33.5 | X69: 371.5 | Y69: 139.5 | Z69: 266 | AA69: 312 | AB69: 342.5 | AC69: <2 | AD69: 2年 | AE69: 10年 | AF69: 5年 | AG69: <2 | AH69: 65 | AI69: 156.5 | AJ69: 268.5 | AK69: 493 | AL69: 852 | AM69: <2 | AN69: 5年 | AO69: 10年 | AP69: 100年 | AQ69: 200年 | AR69: 18
A70: 嘉義縣 | B70: 中埔鄉 | C70: 中崙村 | D70: 嘉縣DF051 | E70: 中崙四號橋 | F70: 坡面型 | G70: 108 | H70: 0815豪雨 | I70: 43690.333 | J70: 1 | L70: 0 | M70: 1.53 | N70: 0 | O70: 7.4634146 | P70: 否 | Q70: 1 | S70: 350 | T70: 81M690 | U70: 沄水國小 | V70: 55 | W70: 6.5 | X70: 98 | Y70: 34.5 | Z70: 37.5 | AA70: 37.5 | AB70: 58 | AC70: <2 | AD70: <2 | AE70: <2 | AF70: <2 | AG70: <2 | AH70: 16.5 | AI70: 34.5 | AJ70: 55 | AK70: 55 | AL70: 55 | AM70: <2 | AN70: <2 | AO70: <2 | AP70: <2 | AQ70: <2 | AR70: 3
A71: 嘉義縣 | B71: 中埔鄉 | C71: 中崙村 | D71: 嘉縣DF051 | E71: 中崙四號橋 | F71: 坡面型 | G71: 108 | H71: 利奇馬颱風 | I71: 43693.25 | J71: 2 | K71: 0.0079908676 | L71: 0 | M71: 1.53 | N71: 0 | O71: 7.4634146 | P71: 否 | Q71: 2 | R71: 0.0079908676 | S71: 350 | T71: 81M690 | U71: 沄水國小 | V71: 106.5 | W71: 20.5 | X71: 174 | Y71: 38 | Z71: 51 | AA71: 71.5 | AB71: 120.5 | AC71: <2 | AD71: <2 | AE71: <2 | AF71: <2 | AG71: <2 | AH71: 20.5 | AI71: 38 | AJ71: 58.5 | AK71: 77 | AL71: 106.5 | AM71: <2 | AN71: <2 | AO71: <2 | AP71: <2 | AQ71: <2 | AR71: 10
A72: 嘉義縣 | B72: 中埔鄉 | C72: 中崙村 | D72: 嘉縣DF051 | E72: 中崙四號橋 | F72: 坡面型 | G72: 112 | H72: 0910豪雨 | I72: 45179.833 | J72: 3 | K72: 4.0728311 | L72: 0.386 | M72: 4.1 | N72: 1.8829268 | O72: 20 | P72: 否 | Q72: 3 | R72: 4.0728311 | S72: 300 | T72: 81M690 | U72: 沄水國小 | V72: 391 | W72: 25 | X72: 391 | Y72: 173.5 | Z72: 241.5 | AA72: 255 | AB72: 255 | AC72: <2 | AD72: 10年 | AE72: 10年 | AF72: 2年 | AG72: <2 | AH72: 123 | AI72: 181 | AJ72: 230 | AK72: 230 | AL72: 230 | AM72: 100年 | AN72: 10年 | AO72: 5年 | AP72: <2 | AQ72: <2 | AR72: 6
A73: 嘉義縣 | B73: 中埔鄉 | C73: 中崙村 | D73: 嘉縣DF051 | E73: 中崙四號橋 | F73: 坡面型 | G73: 113 | H73: 一般降雨 | I73: 45450.708 | J73: 4 | K73: 0.74212329 | L73: 4.1 | M73: 5 | N73: 20 | O73: 24.390244 | P73: 否 | Q73: 4 | R73: 0.74212329 | S73: 300 | T73: 81M690 | U73: 沄水國小 | V73: 15.5 | W73: 3.5 | X73: 15 | Y73: 10 | Z73: 10 | AA73: 10 | AB73: 11.5 | AC73: <2 | AD73: <2 | AE73: <2 | AF73: <2 | AG73: <2 | AH73: 15.5 | AI73: 15.5 | AJ73: 15.5 | AK73: 15.5 | AL73: 15.5 | AM73: <2 | AN73: <2 | AO73: <2 | AP73: <2 | AQ73: <2 | AR73: 1
A74: 嘉義縣 | B74: 阿里山鄉 | C74: 豐山村 | D74: 嘉縣DF039 | E74: 乾坑溪 | F74: 溪流型 | G74: 89 | H74: 碧利斯颱風 | I74: 36761 | J74: 1 | L74: 16.1 | M74: 157.7 | N74: 1.6931328 | O74: 16.584289 | P74: 是 | S74: - | T74: C0K240 | U74: 草嶺 | V74: 147.5 | W74: 22.5 | X74: 126 | Y74: 40.5 | Z74: 58 | AA74: 85 | AB74: 104.5 | AC74: <2 | AD74: <2 | AE74: <2 | AF74: <2 | AG74: <2 | AH74: 22.5 | AI74: 43.5 | AJ74: 70.5 | AK74: 95.5 | AL74: 147.5 | AM74: <2 | AN74: <2 | AO74: <2 | AP74: <2 | AQ74: <2 | AR74: 15
A75: 嘉義縣 | B75: 阿里山鄉 | C75: 豐山村 | D75: 嘉縣DF039 | E75: 乾坑溪 | F75: 溪流型 | G75: 90 | H75: 桃芝颱風 | I75: 37102 | J75: 2 | K75: 0.93424658 | L75: 0.25 | M75: 157.73826 | N75: 0.026290882 | O75: 16.588313 | P75: 是 | S75: - | T75: C0K240 | U75: 草嶺 | V75: 395 | W75: 58 | X75: 316.4 | Y75: 168.5 | Z75: 245 | AA75: 283 | AB75: 283 | AC75: <2 | AD75: 5年 | AE75: 5年 | AF75: 2年 | AG75: <2 | AH75: 58 | AI75: 168.5 | AJ75: 267 | AK75: 358.5 | AL75: 395 | AM75: <2 | AN75: 5年 | AO75: 10年 | AP75: 10年 | AQ75: 2年 | AR75: 10
A76: 嘉義縣 | B76: 阿里山鄉 | C76: 豐山村 | D76: 嘉縣DF039 | E76: 乾坑溪 | F76: 溪流型 | G76: 90 | H76: 納莉颱風 | I76: 37152 | J76: 3 | K76: 0.1369863 | L76: 157.73826 | M76: 157.73826 | N76: 16.588313 | O76: 16.588313 | P76: 是 | S76: - | T76: C0K240 | U76: 草嶺 | V76: 653 | W76: 64 | X76: 480.1 | Y76: 127 | Z76: 173 | AA76: 267.5 | AB76: 467 | AC76: <2 | AD76: <2 | AE76: <2 | AF76: 2年 | AG76: 5年 | AH76: 64 | AI76: 139.5 | AJ76: 188.5 | AK76: 289 | AL76: 503 | AM76: <2 | AN76: 2年 | AO76: <2 | AP76: 2年 | AQ76: 10年 | AR76: 19
A77: 嘉義縣 | B77: 阿里山鄉 | C77: 豐山村 | D77: 嘉縣DF040 | E77: 石鼓盤溪 | F77: 溪流型 | G77: 90 | H77: 桃芝颱風 | I77: 37102 | J77: 1 | L77: 49.7 | M77: 396 | N77: 1.2584891 | O77: 10.027398 | P77: 是 | S77: - | T77: C0K240 | U77: 草嶺 | V77: 395 | W77: 58 | X77: 316.4 | Y77: 168.5 | Z77: 245 | AA77: 283 | AB77: 283 | AC77: <2 | AD77: 5年 | AE77: 5年 | AF77: 2年 | AG77: <2 | AH77: 58 | AI77: 168.5 | AJ77: 267 | AK77: 358.5 | AL77: 395 | AM77: <2 | AN77: 5年 | AO77: 10年 | AP77: 10年 | AQ77: 2年 | AR77: 10
A78: 嘉義縣 | B78: 阿里山鄉 | C78: 豐山村 | D78: 嘉縣DF040 | E78: 石鼓盤溪 | F78: 溪流型 | G78: 90 | H78: 納莉颱風 | I78: 37150 | J78: 2 | K78: 0.13150685 | L78: 396 | M78: 384.4 | N78: 10.027398 | O78: 9.7336662 | P78: 是 | S78: - | T78: C0K240 | U78: 草嶺 | V78: 653 | W78: 64 | X78: 480.1 | Y78: 127 | Z78: 173 | AA78: 267.5 | AB78: 467 | AC78: <2 | AD78: <2 | AE78: <2 | AF78: 2年 | AG78: 5年 | AH78: 64 | AI78: 139.5 | AJ78: 188.5 | AK78: 289 | AL78: 503 | AM78: <2 | AN78: 2年 | AO78: <2 | AP78: 2年 | AQ78: 10年 | AR78: 19
A79: 嘉義縣 | B79: 阿里山鄉 | C79: 來吉村 | D79: 嘉縣DF042 | E79: 來吉大橋 | F79: 溪流型 | G79: 98 | H79: 莫拉克颱風 | I79: 40034.125 | J79: 1 | L79: 9.44 | M79: 55.207175 | N79: 8.8018648 | O79: 51.475221 | P79: 否 | Q79: 1 | S79: 300 | T79: C1M630 | U79: 豐山 | V79: 1882 | W79: 52 | X79: 1283.7 | Y79: 286.5 | Z79: 415.5 | AA79: 654.5 | AB79: 846 | AC79: <2 | AD79: 200年 | AE79: 200年 | AF79: 200年 | AG79: 200年 | AH79: 121.5 | AI79: 286.5 | AJ79: 415.5 | AK79: 654.5 | AL79: 1065.5 | AM79: 50年 | AN79: 200年 | AO79: 200年 | AP79: 200年 | AQ79: 200年 | AR79: 59
A80: 嘉義縣 | B80: 阿里山鄉 | C80: 來吉村 | D80: 嘉縣DF042 | E80: 來吉大橋 | F80: 溪流型 | G80: 101 | H80: 0610豪雨 | I80: 41072.458 | J80: 2 | K80: 2.8447489 | L80: 33.72 | M80: 37.1 | N80: 31.440559 | O80: 34.592075 | P80: 否 | Q80: 2 | R80: 2.8447489 | S80: 250 | T80: C1M630 | U80: 豐山 | V80: 769.5 | W80: 32.5 | X80: 607 | Y80: 52 | Z80: 71.5 | AA80: 109.5 | AB80: 267 | AC80: <2 | AD80: <2 | AE80: <2 | AF80: <2 | AG80: <2 | AH80: 39.5 | AI80: 79 | AJ80: 136 | AK80: 205.5 | AL80: 325 | AM80: <2 | AN80: <2 | AO80: <2 | AP80: <2 | AQ80: <2 | AR80: 56
A81: 嘉義縣 | B81: 梅山鄉 | C81: 太和村 | D81: 嘉縣DF008 | F81: 溪流型 | G81: 90 | H81: 納莉颱風 | I81: 37149 | J81: 1 | L81: 0 | M81: 25.753137 | N81: 0 | O81: 2.2490251 | P81: 是 | S81: - | T81: C0K240 | U81: 草嶺 | V81: 653 | W81: 64 | X81: 480.1 | Y81: 127 | Z81: 173 | AA81: 267.5 | AB81: 467 | AC81: <2 | AD81: <2 | AE81: <2 | AF81: 2年 | AG81: 5年 | AH81: 64 | AI81: 139.5 | AJ81: 188.5 | AK81: 289 | AL81: 503 | AM81: <2 | AN81: 2年 | AO81: <2 | AP81: 2年 | AQ81: 10年 | AR81: 19
A82: 嘉義縣 | B82: 梅山鄉 | C82: 太和村 | D82: 嘉縣DF008 | F82: 溪流型 | G82: 98 | H82: 莫拉克颱風 | I82: 40033.833 | J82: 2 | K82: 7.903653 | L82: 2.07 | M82: 84.2 | N82: 0.1807734 | O82: 7.353198 | P82: 否 | Q82: 1 | S82: 400 | T82: C1M620 | U82: 瑞里 | V82: 1889.5 | W82: 44 | X82: 855.9 | Y82: 115 | Z82: 250 | AA82: 377 | AB82: 501.5 | AC82: <2 | AD82: <2 | AE82: 5年 | AF82: 10年 | AG82: 10年 | AH82: 105 | AI82: 257 | AJ82: 404 | AK82: 644.5 | AL82: 1084.5 | AM82: 25年 | AN82: 100年 | AO82: 200年 | AP82: 200年 | AQ82: 200年 | AR82: 62
A83: 臺南市 | B83: 南化區 | C83: 玉山里 | D83: 南市DF048 | E83: 羌黃坑 | F83: 坡面型 | G83: 97 | H83: 卡玫基颱風 | I83: 39646.875 | J83: 1 | L83: 0.143898 | M83: 0.84 | N83: 0.4790213 | O83: 2.7962716 | P83: 否 | Q83: 1 | S83: 500 | T83: C1O830 | U83: 北寮 | V83: 998.5 | W83: 125.5 | X83: 545.5 | Y83: 229.5 | Z83: 458.5 | AA83: 472.5 | AB83: 472.5 | AC83: 100年 | AD83: 50年 | AE83: 200年 | AF83: 100年 | AG83: 10年 | AH83: 140.5 | AI83: 324 | AJ83: 573 | AK83: 764 | AL83: 911 | AM83: 200年 | AN83: 200年 | AO83: 200年 | AP83: 200年 | AQ83: 200年 | AR83: 7
A84: 臺南市 | B84: 南化區 | C84: 玉山里 | D84: 南市DF048 | E84: 羌黃坑 | F84: 坡面型 | G84: 98 | H84: 莫拉克颱風 | I84: 40033.708 | J84: 2 | K84: 1.0598174 | L84: 0.84 | M84: 2.019369 | N84: 2.7962716 | O84: 6.722267 | P84: 否 | Q84: 2 | R84: 1.0598174 | S84: 450 | T84: C1O830 | U84: 北寮 | V84: 1241.5 | W84: 88 | X84: 653.6 | Y84: 187.5 | Z84: 260 | AA84: 363.5 | AB84: 523.5 | AC84: 10年 | AD84: 10年 | AE84: 10年 | AF84: 10年 | AG84: 25年 | AH84: 88 | AI84: 207.5 | AJ84: 359 | AK84: 555 | AL84: 770.5 | AM84: 10年 | AN84: 25年 | AO84: 200年 | AP84: 200年 | AQ84: 200年 | AR84: 44
A85: 高雄市 | B85: 六龜區 | C85: 寶來里 | D85: 高市DF046 | E85: 五龍宮 | F85: 坡面型 | G85: 97 | H85: 卡玫基颱風 | I85: 39647.125 | J85: 1 | L85: 0 | M85: 1.19194 | N85: 0 | O85: 7.133094 | P85: 否 | Q85: 1 | S85: 450 | T85: C1V240 | U85: 新發 | V85: 1034.5 | W85: 33 | X85: 710.1 | Y85: 147 | Z85: 515.5 | AA85: 684 | AB85: 684 | AC85: <2 | AD85: 2年 | AE85: 200年 | AF85: 200年 | AG85: 50年 | AH85: 148 | AI85: 368.5 | AJ85: 567 | AK85: 764.5 | AL85: 886.5 | AM85: 200年 | AN85: 200年 | AO85: 200年 | AP85: 200年 | AQ85: 200年 | AR85: 11
A86: 高雄市 | B86: 六龜區 | C86: 寶來里 | D86: 高市DF046 | E86: 五龍宮 | F86: 坡面型 | G86: 98 | H86: 莫拉克颱風 | I86: 40032.875 | J86: 2 | K86: 1.0568493 | L86: 1.19194 | M86: 2.292896 | N86: 7.133094 | O86: 13.7217 | P86: 否 | Q86: 2 | R86: 1.0568493 | S86: 400 | T86: C1V240 | U86: 新發 | V86: 2418 | W86: 18.5 | X86: 308.9 | Y86: 56 | Z86: 101.5 | AA86: 165.5 | AB86: 299.5 | AC86: <2 | AD86: <2 | AE86: <2 | AF86: <2 | AG86: <2 | AH86: 103 | AI86: 253.5 | AJ86: 473.5 | AK86: 786.5 | AL86: 1199.5 | AM86: 10年 | AN86: 100年 | AO86: 200年 | AP86: 200年 | AQ86: 200年 | AR86: 24
A87: 高雄市 | B87: 六龜區 | C87: 寶來里 | D87: 高市DF047 | E87: 寶來一橋 | F87: 溪流型 | G87: 96 | H87: 聖帕颱風 | I87: 39314.5 | J87: 1 | L87: 0 | M87: 4.6 | N87: 0 | O87: 2.4475897 | P87: 否 | Q87: 1 | S87: 450 | T87: C1V240 | U87: 新發 | V87: 941.5 | W87: 33 | X87: 943.8 | Y87: 39.5 | Z87: 111 | AA87: 257.5 | AB87: 421 | AC87: <2 | AD87: <2 | AE87: <2 | AF87: <2 | AG87: 2年 | AH87: 54.5 | AI87: 117 | AJ87: 222.5 | AK87: 328 | AL87: 466.5 | AM87: <2 | AN87: <2 | AO87: 2年 | AP87: 2年 | AQ87: 2年 | AR87: 62
A88: 高雄市 | B88: 六龜區 | C88: 寶來里 | D88: 高市DF047 | E88: 寶來一橋 | F88: 溪流型 | G88: 97 | H88: 卡玫基颱風 | I88: 39646.958 | J88: 2 | K88: 0.91084475 | L88: 5.8 | M88: 7.6 | N88: 3.0860913 | O88: 4.0438438 | P88: 否 | Q88: 2 | R88: 0.91084475 | S88: 450 | T88: C1V240 | U88: 新發 | V88: 1034.5 | W88: 144.5 | X88: 454.2 | Y88: 334 | Z88: 409 | AA88: 419 | AB88: 419 | AC88: 200年 | AD88: 200年 | AE88: 200年 | AF88: 10年 | AG88: 2年 | AH88: 148 | AI88: 368.5 | AJ88: 567 | AK88: 764.5 | AL88: 886.5 | AM88: 200年 | AN88: 200年 | AO88: 200年 | AP88: 200年 | AQ88: 200年 | AR88: 7
A89: 高雄市 | B89: 六龜區 | C89: 大津里 | D89: 高市DF049 | E89: 大津基督教會(津鳳宮旁) | F89: 坡面型 | G89: 95 | H89: 0609豪雨 | I89: 38877.75 | J89: 1 | L89: 0 | M89: 1 | N89: 0 | O89: 8.6206897 | P89: 否 | Q89: 1 | S89: 400 | T89: C1V340 | U89: 大津 | V89: 565 | W89: 14.4 | X89: 336.4 | Y89: 42 | Z89: 129.5 | AA89: 195.5 | AB89: 219 | AC89: <2 | AD89: <2 | AE89: <2 | AF89: <2 | AG89: <2 | AH89: 72 | AI89: 111 | AJ89: 193 | AK89: 264.5 | AL89: 461 | AM89: 2年 | AN89: <2 | AO89: <2 | AP89: <2 | AQ89: 5年 | AR89: 16
A90: 高雄市 | B90: 六龜區 | C90: 大津里 | D90: 高市DF049 | E90: 大津基督教會(津鳳宮旁) | F90: 坡面型 | G90: 98 | H90: 莫拉克颱風 | I90: 40033.208 | J90: 2 | K90: 3.1656393 | L90: 0.3 | M90: 2.3 | N90: 2.5862069 | O90: 19.827586 | P90: 否 | Q90: 2 | R90: 3.1656393 | S90: 400 | T90: C1V340 | U90: 大津 | V90: 1211 | W90: 32.5 | X90: 534.5 | Y90: 98 | Z90: 145 | AA90: 220 | AB90: 320 | AC90: <2 | AD90: <2 | AE90: <2 | AF90: <2 | AG90: <2 | AH90: 52.5 | AI90: 124 | AJ90: 244 | AK90: 416 | AL90: 743 | AM90: <2 | AN90: <2 | AO90: 5年 | AP90: 10年 | AQ90: 100年 | AR90: 32
A91: 高雄市 | B91: 六龜區 | C91: 大津里 | D91: 高市DF050 | E91: 六輕橋(大津里) | F91: 溪流型 | G91: 94 | H91: 海棠颱風 | I91: 38552.417 | J91: 1 | L91: 0 | M91: 0 | N91: 0 | O91: 0 | P91: 否 | Q91: 1 | S91: 500 | T91: C1V340 | U91: 大津 | V91: 1368 | W91: 4 | X91: 671 | Y91: 102 | Z91: 143.5 | AA91: 285.5 | AB91: 585.5 | AC91: <2 | AD91: <2 | AE91: <2 | AF91: 2年 | AG91: 25年 | AH91: 102 | AI91: 181 | AJ91: 223 | AK91: 392.5 | AL91: 629 | AM91: 10年 | AN91: 5年 | AO91: 2年 | AP91: 10年 | AQ91: 25年 | AR91: 32
A92: 高雄市 | B92: 六龜區 | C92: 大津里 | D92: 高市DF050 | E92: 六輕橋(大津里) | F92: 溪流型 | G92: 99 | H92: 凡那比颱風 | I92: 40440.75 | J92: 2 | K92: 5.173516 | L92: 7.4 | M92: 7.12 | N92: 4.4016179 | O92: 4.2350702 | P92: 否 | Q92: 2 | R92: 5.173516 | S92: 200 | T92: C1V340 | U92: 大津 | V92: 584.5 | W92: 45 | X92: 322 | Y92: 68.5 | Z92: 149.5 | AA92: 267 | AB92: 314 | AC92: <2 | AD92: <2 | AE92: <2 | AF92: <2 | AG92: <2 | AH92: 72 | AI92: 184.5 | AJ92: 262.5 | AK92: 411 | AL92: 584.5 | AM92: 2年 | AN92: 10年 | AO92: 5年 | AP92: 10年 | AQ92: 25年 | AR92: 16
A93: 高雄市 | B93: 六龜區 | C93: 大津里 | D93: 高市DF050 | E93: 六輕橋(大津里) | F93: 溪流型 | G93: 113 | H93: 凱米颱風 | I93: 45498.458 | J93: 3 | K93: 13.856735 | L93: 0.849 | M93: 5.269 | N93: 0.50499643 | O93: 3.1340709 | P93: 否 | Q93: 3 | R93: 13.856735 | S93: 350 | T93: C1V340 | U93: 大津 | V93: 1235.5 | W93: 105.5 | X93: 861.5 | Y93: 265 | Z93: 452 | AA93: 656 | AB93: 865 | AC93: 25年 | AD93: 200年 | AE93: 200年 | AF93: 200年 | AG93: 200年 | AH93: 105.5 | AI93: 266.5 | AJ93: 479.5 | AK93: 763.5 | AL93: 989 | AM93: 25年 | AN93: 200年 | AO93: 200年 | AP93: 200年 | AQ93: 200年 | AR93: 24
A94: 高雄市 | B94: 六龜區 | C94: 中興里 | D94: 高市DF053 | E94: 慧濟寺 | F94: 坡面型 | G94: 97 | H94: 卡玫基颱風 | I94: 39647.083 | J94: 1 | L94: 0 | M94: 0 | N94: 0 | O94: 0 | P94: 否 | Q94: 1 | S94: 450 | T94: C1V240 | U94: 新發 | V94: 1034.5 | W94: 37.5 | X94: 662 | Y94: 232 | Z94: 566 | AA94: 651 | AB94: 651 | AC94: <2 | AD94: 50年 | AE94: 200年 | AF94: 200年 | AG94: 25年 | AH94: 148 | AI94: 368.5 | AJ94: 567 | AK94: 764.5 | AL94: 886.5 | AM94: 200年 | AN94: 200年 | AO94: 200年 | AP94: 200年 | AQ94: 200年 | AR94: 10
A95: 高雄市 | B95: 六龜區 | C95: 中興里 | D95: 高市DF053 | E95: 慧濟寺 | F95: 坡面型 | G95: 98 | H95: 莫拉克颱風 | I95: 40033.833 | J95: 2 | K95: 1.059589 | L95: 0 | M95: 0.88021 | N95: 0 | O95: 1.0076817 | P95: 否 | Q95: 2 | R95: 1.059589 | S95: 400 | T95: C1V240 | U95: 新發 | V95: 2418 | W95: 56 | X95: 1271.6 | Y95: 241 | Z95: 473.5 | AA95: 684 | AB95: 1033.5 | AC95: <2 | AD95: 50年 | AE95: 200年 | AF95: 200年 | AG95: 200年 | AH95: 103 | AI95: 253.5 | AJ95: 473.5 | AK95: 786.5 | AL95: 1199.5 | AM95: 10年 | AN95: 100年 | AO95: 200年 | AP95: 200年 | AQ95: 200年 | AR95: 47
A96: 高雄市 | B96: 六龜區 | C96: 中興里 | D96: 高市DF053 | E96: 慧濟寺 | F96: 坡面型 | G96: 113 | H96: 凱米颱風 | I96: 45498.5 | J96: 3 | K96: 14.971689 | L96: 0.28 | M96: 2 | N96: 0.32054951 | O96: 2.2896394 | P96: 否 | Q96: 3 | R96: 14.971689 | S96: 350 | T96: C0V800 | U96: 六龜 | V96: 1379 | W96: 89.5 | X96: 796.8 | Y96: 180 | Z96: 307 | AA96: 527 | AB96: 749.5 | AC96: 5年 | AD96: 10年 | AE96: 25年 | AF96: 100年 | AG96: 200年 | AH96: 89.5 | AI96: 213.5 | AJ96: 339.5 | AK96: 604.5 | AL96: 950 | AM96: 5年 | AN96: 25年 | AO96: 50年 | AP96: 200年 | AQ96: 200年 | AR96: 26
A97: 高雄市 | B97: 六龜區 | C97: 新發里 | D97: 高市DF055 | E97: 紅水仙橋 | F97: 坡面型 | G97: 94 | H97: 海棠颱風 | I97: 38552.542 | J97: 1 | L97: 0 | M97: 0 | N97: 0 | O97: 0 | P97: 否 | Q97: 1 | S97: 500 | T97: C1V240 | U97: 新發 | V97: 1409.5 | W97: 29 | X97: 887.7 | Y97: 33.5 | Z97: 116.5 | AA97: 235 | AB97: 723 | AC97: <2 | AD97: <2 | AE97: <2 | AF97: <2 | AG97: 100年 | AH97: 60 | AI97: 150.5 | AJ97: 255.5 | AK97: 490.5 | AL97: 750 | AM97: <2 | AN97: 2年 | AO97: 5年 | AP97: 50年 | AQ97: 100年 | AR97: 34
A98: 高雄市 | B98: 六龜區 | C98: 新發里 | D98: 高市DF055 | E98: 紅水仙橋 | F98: 坡面型 | G98: 98 | H98: 莫拉克颱風 | I98: 40033.833 | J98: 2 | K98: 4.0583333 | L98: 0 | M98: 9.4 | N98: 0 | O98: 20.219402 | P98: 否 | Q98: 2 | R98: 4.0583333 | S98: 400 | T98: C1V240 | U98: 新發 | V98: 2418 | W98: 56 | X98: 1271.6 | Y98: 241 | Z98: 473.5 | AA98: 684 | AB98: 1033.5 | AC98: <2 | AD98: 50年 | AE98: 200年 | AF98: 200年 | AG98: 200年 | AH98: 103 | AI98: 253.5 | AJ98: 473.5 | AK98: 786.5 | AL98: 1199.5 | AM98: 10年 | AN98: 100年 | AO98: 200年 | AP98: 200年 | AQ98: 200年 | AR98: 47
A99: 高雄市 | B99: 六龜區 | C99: 大津里 | D99: 高市DF075 | E99: 津鳳宮 | F99: 坡面型 | G99: 95 | H99: 0609豪雨 | I99: 38878.25 | J99: 1 | L99: 0 | M99: 2 | N99: 0 | O99: 10.351967 | P99: 否 | Q99: 1 | S99: 400 | T99: C1V340 | U99: 大津 | V99: 705 | W99: 48.5 | X99: 431.6 | Y99: 80 | Z99: 103 | AA99: 176.5 | AB99: 372 | AC99: <2 | AD99: <2 | AE99: <2 | AF99: <2 | AG99: <2 | AH99: 72 | AI99: 111 | AJ99: 193 | AK99: 264.5 | AL99: 461 | AM99: 2年 | AN99: <2 | AO99: <2 | AP99: <2 | AQ99: 5年 | AR99: 28
A100: 高雄市 | B100: 六龜區 | C100: 大津里 | D100: 高市DF075 | E100: 津鳳宮 | F100: 坡面型 | G100: 98 | H100: 莫拉克颱風 | I100: 40033.208 | J100: 2 | K100: 3.1642694 | L100: 0 | M100: 2.44 | N100: 0 | O100: 12.6294 | P100: 否 | Q100: 2 | R100: 3.1642694 | S100: 400 | T100: C1V340 | U100: 大津 | V100: 1211 | W100: 32.5 | X100: 534.5 | Y100: 98 | Z100: 145 | AA100: 220 | AB100: 320 | AC100: <2 | AD100: <2 | AE100: <2 | AF100: <2 | AG100: <2 | AH100: 52.5 | AI100: 124 | AJ100: 244 | AK100: 416 | AL100: 743 | AM100: <2 | AN100: <2 | AO100: 5年 | AP100: 10年 | AQ100: 100年 | AR100: 32
...

Sheet 水保局全省災害資料
A1: 序號 | B1: 類型 | C1: 災害案件編號 | D1: 災區位置 | E1: 縣市 | F1: 鄉區 | G1: 村里 | H1: 溪流名稱或編號 | I1: X_TWD97 | J1: Y_TWD97 | K1: X_TWD67 | L1: Y_TWD67 | M1: 年度 | N1: 觸發事件 | O1: 災害發生時間 | P1: 災情描述 | Q1: 備註 | R1: 觀測雨量站站號 | S1: 觀測雨量站站名 | T1: 降雨強度 (mm/hr) | U1: 有效累積雨量 (mm) | V1: 警戒基準值 (mm) | W1: 判斷 | X1: 崩塌面積(ha) | Y1: 崩塌量體(立方) | Z1: 堆積土方量(立方) | AA1: 1小時累積雨量 | AB1: 3小時累積雨量 | AC1: 比對狀態
A2: 1 | B2: 土石流 | E2: 新竹縣 | F2: 尖石鄉 | G2: 嘉樂村 | H2: 竹縣DF054 | I2: 271720.83 | J2: 2734987.9 | K2: 270892 | L2: 2735194 | M2: 93 | N2: 0910水災暨海馬颱風 | O2: 2004/09/11 | Q2: 無明確座標登錄以溪流溢流點座標代表 | W2: =IF(IF(ISERROR(SEARCH("-",P2))=TRUE,0,1)=1,IF(H2<>"",0,1),0) -> 0 | AC2: =IF(COUNTIFS(作業區!$W$2:$W$2000, T2, 作業區!$X$2:$X$2000, U2)>0, "已存在", "未擴充") -> 已存在
A3: =ROW(A3)-1 -> 2 | B3: 土石流 | E3: 新竹縣 | F3: 五峰鄉 | G3: 桃山村 | M3: 93 | N3: 艾利颱風 | O3: 2004/08/25 | Q3: 民都有部落後方野溪 | W3: =IF(IF(ISERROR(SEARCH("-",P3))=TRUE,0,1)=1,IF(H3<>"",0,1),0) -> 0 | AC3: =IF(COUNTIFS(作業區!$W$2:$W$2000, T3, 作業區!$X$2:$X$2000, U3)>0, "已存在", "未擴充") -> 已存在
A4: =ROW(A4)-1 -> 3 | B4: 土石流 | E4: 新竹縣 | F4: 五峰鄉 | G4: 桃山村 | H4: 竹縣DF043 | I4: 260939.86 | J4: 2718472.9 | K4: 260111 | L4: 2718679 | M4: 93 | N4: 艾利颱風 | O4: 2004/08/25 | Q4: 無明確座標登錄以溪流溢流點座標代表 | W4: =IF(IF(ISERROR(SEARCH("-",P4))=TRUE,0,1)=1,IF(H4<>"",0,1),0) -> 0 | AC4: =IF(COUNTIFS(作業區!$W$2:$W$2000, T4, 作業區!$X$2:$X$2000, U4)>0, "已存在", "未擴充") -> 已存在
A5: =ROW(A5)-1 -> 4 | B5: 崩塌 | E5: 新竹縣 | F5: 五峰鄉 | G5: 桃山村 | H5: 竹縣DF045 | I5: 258887.87 | J5: 2717340 | K5: 258059 | L5: 2717546 | M5: 93 | N5: 艾利颱風 | O5: 2004/08/25 | Q5: 無明確座標登錄以溪流溢流點座標代表 | W5: =IF(IF(ISERROR(SEARCH("-",P5))=TRUE,0,1)=1,IF(H5<>"",0,1),0) -> 0 | AC5: =IF(COUNTIFS(作業區!$W$2:$W$2000, T5, 作業區!$X$2:$X$2000, U5)>0, "已存在", "未擴充") -> 已存在
A6: =ROW(A6)-1 -> 5 | B6: 土石流 | E6: 臺中市 | F6: 和平區 | G6: 博愛里 | H6: 中市DF028 | I6: 248606.9 | J6: 2674576.1 | K6: 247778 | L6: 2674782 | M6: 93 | N6: 敏督利暨七二水災 | O6: 2004/07/02 | Q6: 無明確座標登錄以溪流溢流點座標代表 | W6: =IF(IF(ISERROR(SEARCH("-",P6))=TRUE,0,1)=1,IF(H6<>"",0,1),0) -> 0 | AC6: =IF(COUNTIFS(作業區!$W$2:$W$2000, T6, 作業區!$X$2:$X$2000, U6)>0, "已存在", "未擴充") -> 已存在
A7: =ROW(A7)-1 -> 6 | B7: 土石流 | E7: 臺中市 | F7: 和平區 | G7: 博愛里 | H7: 中市DF027 | I7: 248031.91 | J7: 2674145.1 | K7: 247203 | L7: 2674351 | M7: 93 | N7: 敏督利暨七二水災 | O7: 2004/07/02 | Q7: 無明確座標登錄以溪流溢流點座標代表 | W7: =IF(IF(ISERROR(SEARCH("-",P7))=TRUE,0,1)=1,IF(H7<>"",0,1),0) -> 0 | AC7: =IF(COUNTIFS(作業區!$W$2:$W$2000, T7, 作業區!$X$2:$X$2000, U7)>0, "已存在", "未擴充") -> 已存在
A8: =ROW(A8)-1 -> 7 | B8: 土石流 | E8: 臺中市 | F8: 和平區 | G8: 達觀里 | H8: 中市DF008 | I8: 242428.93 | J8: 2689834 | K8: 241600 | L8: 2690040 | M8: 93 | N8: 敏督利暨七二水災 | O8: 38170.396 | Q8: 無明確座標登錄以溪流溢流點座標代表 | W8: =IF(IF(ISERROR(SEARCH("-",P8))=TRUE,0,1)=1,IF(H8<>"",0,1),0) -> 0 | AC8: =IF(COUNTIFS(作業區!$W$2:$W$2000, T8, 作業區!$X$2:$X$2000, U8)>0, "已存在", "未擴充") -> 已存在
A9: =ROW(A9)-1 -> 8 | B9: 土石流 | E9: 臺中市 | F9: 東勢區 | G9: 慶福里 | H9: 中市DF056 | I9: 235277.95 | J9: 2676033.1 | K9: 234449 | L9: 2676239 | M9: 93 | N9: 敏督利暨七二水災 | O9: 2004/07/03 | Q9: 無明確座標登錄以溪流溢流點座標代表 | W9: =IF(IF(ISERROR(SEARCH("-",P9))=TRUE,0,1)=1,IF(H9<>"",0,1),0) -> 0 | AC9: =IF(COUNTIFS(作業區!$W$2:$W$2000, T9, 作業區!$X$2:$X$2000, U9)>0, "已存在", "未擴充") -> 已存在
A10: =ROW(A10)-1 -> 9 | B10: 土石流 | E10: 南投縣 | F10: 埔里鎮 | G10: 南村里 | H10: 投縣DF035 | I10: 242588.93 | J10: 2651704.2 | K10: 241760 | L10: 2651910 | M10: 93 | N10: 敏督利暨七二水災 | O10: 2004/07/03 | Q10: 無明確座標登錄以溪流溢流點座標代表 | W10: =IF(IF(ISERROR(SEARCH("-",P10))=TRUE,0,1)=1,IF(H10<>"",0,1),0) -> 0 | AC10: =IF(COUNTIFS(作業區!$W$2:$W$2000, T10, 作業區!$X$2:$X$2000, U10)>0, "已存在", "未擴充") -> 已存在
A11: =ROW(A11)-1 -> 10 | B11: 土石流 | E11: 南投縣 | F11: 仁愛鄉 | G11: 合作村 | M11: 93 | N11: 敏督利暨七二水災 | O11: 2004/07/03 | Q11: 投85線旁新增土石流野溪 | W11: =IF(IF(ISERROR(SEARCH("-",P11))=TRUE,0,1)=1,IF(H11<>"",0,1),0) -> 0 | AC11: =IF(COUNTIFS(作業區!$W$2:$W$2000, T11, 作業區!$X$2:$X$2000, U11)>0, "已存在", "未擴充") -> 已存在
A12: =ROW(A12)-1 -> 11 | B12: 土石流 | E12: 新竹縣 | F12: 北埔鄉 | G12: 南坑村 | H12: 竹縣DF031 | I12: 255623.88 | J12: 2728776.9 | K12: 254795 | L12: 2728983 | M12: 94 | N12: 0512豪雨 | O12: 38485.083 | Q12: 無明確座標登錄以溪流溢流點座標代表 | W12: =IF(IF(ISERROR(SEARCH("-",P12))=TRUE,0,1)=1,IF(H12<>"",0,1),0) -> 0 | AC12: =IF(COUNTIFS(作業區!$W$2:$W$2000, T12, 作業區!$X$2:$X$2000, U12)>0, "已存在", "未擴充") -> 已存在
A13: =ROW(A13)-1 -> 12 | B13: 土石流 | E13: 嘉義縣 | F13: 中埔鄉 | G13: 石硦村 | H13: 嘉縣DF036 | I13: 206787.07 | J13: 2587573.4 | K13: 205958 | L13: 2587779 | M13: 94 | N13: 0612豪雨 | O13: 38518.5 | Q13: 無明確座標登錄以溪流溢流點座標代表 | W13: =IF(IF(ISERROR(SEARCH("-",P13))=TRUE,0,1)=1,IF(H13<>"",0,1),0) -> 0 | AC13: =IF(COUNTIFS(作業區!$W$2:$W$2000, T13, 作業區!$X$2:$X$2000, U13)>0, "已存在", "未擴充") -> 已存在
A14: =ROW(A14)-1 -> 13 | B14: 土石流 | E14: 南投縣 | F14: 仁愛鄉 | G14: 春陽村 | H14: 投縣DF030 | I14: 266336.84 | J14: 2658549.2 | K14: 265508 | L14: 2658755 | M14: 94 | N14: 海棠颱風 | O14: 38552.833 | Q14: 無明確座標登錄以溪流溢流點座標代表 | W14: =IF(IF(ISERROR(SEARCH("-",P14))=TRUE,0,1)=1,IF(H14<>"",0,1),0) -> 0 | AC14: =IF(COUNTIFS(作業區!$W$2:$W$2000, T14, 作業區!$X$2:$X$2000, U14)>0, "已存在", "未擴充") -> 已存在
A15: =ROW(A15)-1 -> 14 | B15: 土石流 | E15: 屏東縣 | F15: 滿洲鄉 | G15: 港口村 | H15: 屏縣DF064 | I15: 233864.98 | J15: 2432924.1 | K15: 233036 | L15: 2433129 | M15: 94 | N15: 海棠颱風 | O15: 38552.833 | Q15: 無明確座標登錄以溪流溢流點座標代表 | W15: =IF(IF(ISERROR(SEARCH("-",P15))=TRUE,0,1)=1,IF(H15<>"",0,1),0) -> 0 | AC15: =IF(COUNTIFS(作業區!$W$2:$W$2000, T15, 作業區!$X$2:$X$2000, U15)>0, "已存在", "未擴充") -> 已存在
A16: =ROW(A16)-1 -> 15 | B16: 土石流 | E16: 苗栗縣 | F16: 泰安鄉 | G16: 清安村 | H16: 苗縣DF067 | I16: 242748.92 | J16: 2703664 | K16: 241920 | L16: 2703870 | M16: 94 | N16: 海棠颱風 | O16: 38552.625 | Q16: 無明確座標登錄以溪流溢流點座標代表 | W16: =IF(IF(ISERROR(SEARCH("-",P16))=TRUE,0,1)=1,IF(H16<>"",0,1),0) -> 0 | AC16: =IF(COUNTIFS(作業區!$W$2:$W$2000, T16, 作業區!$X$2:$X$2000, U16)>0, "已存在", "未擴充") -> 已存在
A17: =ROW(A17)-1 -> 16 | B17: 土石流 | E17: 苗栗縣 | F17: 泰安鄉 | G17: 錦水村 | H17: 苗縣DF061 | I17: 242944.92 | J17: 2706199 | K17: 242116 | L17: 2706405 | M17: 94 | N17: 海棠颱風 | O17: 38552.625 | Q17: 無明確座標登錄以溪流溢流點座標代表 | W17: =IF(IF(ISERROR(SEARCH("-",P17))=TRUE,0,1)=1,IF(H17<>"",0,1),0) -> 0 | AC17: =IF(COUNTIFS(作業區!$W$2:$W$2000, T17, 作業區!$X$2:$X$2000, U17)>0, "已存在", "未擴充") -> 已存在
A18: =ROW(A18)-1 -> 17 | B18: 土石流 | E18: 苗栗縣 | F18: 泰安鄉 | G18: 八卦村 | H18: 苗縣DF059 | I18: 242223.93 | J18: 2707436 | K18: 241395 | L18: 2707642 | M18: 94 | N18: 海棠颱風 | O18: 38552.625 | Q18: 無明確座標登錄以溪流溢流點座標代表 | W18: =IF(IF(ISERROR(SEARCH("-",P18))=TRUE,0,1)=1,IF(H18<>"",0,1),0) -> 0 | AC18: =IF(COUNTIFS(作業區!$W$2:$W$2000, T18, 作業區!$X$2:$X$2000, U18)>0, "已存在", "未擴充") -> 已存在
A19: =ROW(A19)-1 -> 18 | B19: 土石流 | E19: 高雄市 | F19: 六龜區 | G19: 大津里 | H19: 高市DF050 | I19: 214011.05 | J19: 2534765.7 | K19: 213182 | L19: 2534971 | M19: 94 | N19: 海棠颱風 | O19: 38552.417 | Q19: 無明確座標登錄以溪流溢流點座標代表 | W19: =IF(IF(ISERROR(SEARCH("-",P19))=TRUE,0,1)=1,IF(H19<>"",0,1),0) -> 0 | AC19: =IF(COUNTIFS(作業區!$W$2:$W$2000, T19, 作業區!$X$2:$X$2000, U19)>0, "已存在", "未擴充") -> 已存在
A20: =ROW(A20)-1 -> 19 | B20: 土石流 | E20: 高雄市 | F20: 六龜區 | G20: 中興里 | H20: 高市DF051 | I20: 214260.05 | J20: 2538183.6 | K20: 213431 | L20: 2538389 | M20: 94 | N20: 海棠颱風 | O20: 38552.583 | Q20: 無明確座標登錄以溪流溢流點座標代表 | W20: =IF(IF(ISERROR(SEARCH("-",P20))=TRUE,0,1)=1,IF(H20<>"",0,1),0) -> 0 | AC20: =IF(COUNTIFS(作業區!$W$2:$W$2000, T20, 作業區!$X$2:$X$2000, U20)>0, "已存在", "未擴充") -> 已存在
A21: =ROW(A21)-1 -> 20 | B21: 土石流 | E21: 高雄市 | F21: 六龜區 | G21: 新發里 | H21: 高市DF055 | I21: 218694.03 | J21: 2552707.6 | K21: 217865 | L21: 2552913 | M21: 94 | N21: 海棠颱風 | O21: 38552.542 | Q21: 無明確座標登錄以溪流溢流點座標代表 | W21: =IF(IF(ISERROR(SEARCH("-",P21))=TRUE,0,1)=1,IF(H21<>"",0,1),0) -> 0 | AC21: =IF(COUNTIFS(作業區!$W$2:$W$2000, T21, 作業區!$X$2:$X$2000, U21)>0, "已存在", "未擴充") -> 已存在
A22: =ROW(A22)-1 -> 21 | B22: 土石流 | E22: 新竹縣 | F22: 尖石鄉 | G22: 玉峰村 | H22: 竹縣DF071 | I22: 280350.8 | J22: 2728275.9 | K22: 279522 | L22: 2728482 | M22: 94 | N22: 海棠颱風 | O22: 38551.208 | Q22: 無明確座標登錄以溪流溢流點座標代表 | W22: =IF(IF(ISERROR(SEARCH("-",P22))=TRUE,0,1)=1,IF(H22<>"",0,1),0) -> 0 | AC22: =IF(COUNTIFS(作業區!$W$2:$W$2000, T22, 作業區!$X$2:$X$2000, U22)>0, "已存在", "未擴充") -> 已存在
A23: =ROW(A23)-1 -> 22 | B23: 土石流 | E23: 新竹縣 | F23: 尖石鄉 | G23: 梅花村 | H23: 竹縣DF068 | I23: 269395.84 | J23: 2729557.9 | K23: 268567 | L23: 2729764 | M23: 94 | N23: 海棠颱風 | O23: 38551.208 | Q23: 無明確座標登錄以溪流溢流點座標代表 | W23: =IF(IF(ISERROR(SEARCH("-",P23))=TRUE,0,1)=1,IF(H23<>"",0,1),0) -> 0 | AC23: =IF(COUNTIFS(作業區!$W$2:$W$2000, T23, 作業區!$X$2:$X$2000, U23)>0, "已存在", "未擴充") -> 已存在
... A29: =ROW(A29)-1 -> 28 | B29: 土石流 | E29: 花蓮縣 | F29: 秀林鄉 | G29: 富世村 | H29: 花縣DF002 | I29: 295812.73 | J29: 2678125.1 | K29: 294984 | L29: 2678331 | M29: 94 | N29: 龍王颱風 | O29: 38627.542 | Q29: 無明確座標登錄以溪流溢流點座標代表 | W29: =IF(IF(ISERROR(SEARCH("-",P29))=TRUE,0,1)=1,IF(H29<>"",0,1),0) -> 0 | AC29: =IF(COUNTIFS(作業區!$W$2:$W$2000, T29, 作業區!$X$2:$X$2000, U29)>0, "已存在", "未擴充") -> 已存在
A30: =ROW(A30)-1 -> 29 | B30: 土石流 | D30: 安山三號橋 | E30: 南投縣 | F30: 水里鄉 | G30: 上安村 | H30: 投縣DF165 | I30: 236219.95 | J30: 2625277.3 | K30: 235391 | L30: 2625483 | M30: 95 | N30: 0609豪雨 | O30: 38878.5 | P30: 1.安山三號橋旁道路遭淤埋80公尺。2.右岸支流土石溢流河道，淤埋三廍巷20號前庭院及左側道路。3.支流匯流口下游河道土石堆積堵塞。4.安山三號橋孔遭土石堵塞。5.人命損失：0人 ；房舍受損：0棟。6.道路毀損：約80公尺。 | R30: C1I160 | S30: 龍神橋 | T30: 3.5 | U30: 401.6 | V30: 200 | W30: =IF(IF(ISERROR(SEARCH("-",P30))=TRUE,0,1)=1,IF(H30<>"",0,1),0) -> 0 | AC30: =IF(COUNTIFS(作業區!$W$2:$W$2000, T30, 作業區!$X$2:$X$2000, U30)>0, "已存在", "未擴充") -> 已存在
A31: =ROW(A31)-1 -> 30 | B31: 土石流 | D31: 大津靈修營地對面野溪 | E31: 高雄市 | F31: 六龜區 | G31: 大津里 | H31: 高市DF049 | I31: 214028.05 | J31: 2533857.7 | K31: 213199 | L31: 2534063 | M31: 95 | N31: 0609豪雨 | O31: 38877.75 | P31: 1.台27線旁農路遭土石淤埋約20公尺。2.台27線旁農路下方排水箱涵及排水溝遭土石堵塞。3.人命損失：0人4.房舍受損：0棟 5.道路毀損：約20公尺。6.崩塌面積 4.5ha。 | R31: C1V340 | S31: 大津 | T31: 14.4 | U31: 336.4 | V31: 400 | W31: =IF(IF(ISERROR(SEARCH("-",P31))=TRUE,0,1)=1,IF(H31<>"",0,1),0) -> 0 | AC31: =IF(COUNTIFS(作業區!$W$2:$W$2000, T31, 作業區!$X$2:$X$2000, U31)>0, "已存在", "未擴充") -> 已存在
A32: =ROW(A32)-1 -> 31 | B32: 土石流 | D32: 津鳳宮後方野溪 | E32: 高雄市 | F32: 六龜區 | G32: 大津里 | H32: 高市DF075 | I32: 213974.05 | J32: 2533634.7 | K32: 213145 | L32: 2533840 | M32: 95 | N32: 0609豪雨 | O32: 38878.25 | P32: 1.津鳳宮兩側3戶民宅遭溢流河道土石泥流侵入。2.津鳳宮後方野溪彎道處河道土石堆積堵塞。3.人命損失：0人 房舍受損：0棟。4.道路毀損：約20公尺。 | R32: C1V340 | S32: 大津 | T32: 48.5 | U32: 431.6 | V32: 400 | W32: =IF(IF(ISERROR(SEARCH("-",P32))=TRUE,0,1)=1,IF(H32<>"",0,1),0) -> 0 | AC32: =IF(COUNTIFS(作業區!$W$2:$W$2000, T32, 作業區!$X$2:$X$2000, U32)>0, "已存在", "未擴充") -> 已存在
A33: =ROW(A33)-1 -> 32 | B33: 地滑 | D33: 苗55鄉道遭土體掩埋 | E33: 苗栗縣 | F33: 卓蘭鎮 | G33: 上新里 | I33: 234379.95 | J33: 2689164 | K33: 233551 | L33: 2689370 | M33: 95 | N33: 0609豪雨 | O33: 38878.208 | P33: 1.滑動區房舍遭推擠錯動破壞。 2.苗55鄉道遭土體掩埋80公尺。 3.人命損失：0人 。4.房舍受損：13棟。5.農業損失：果園損失約2公頃。6.崩塌面積 2.0ha。 | R33: C1E510 | S33: 新開 | T33: 8.5 | U33: 286.7 | V33: 250 | W33: =IF(IF(ISERROR(SEARCH("-",P33))=TRUE,0,1)=1,IF(H33<>"",0,1),0) -> 0 | AC33: =IF(COUNTIFS(作業區!$W$2:$W$2000, T33, 作業區!$X$2:$X$2000, U33)>0, "已存在", "未擴充") -> 已存在
A34: =ROW(A34)-1 -> 33 | B34: 崩塌 | D34: 翠巒支線道路中斷 | E34: 南投縣 | F34: 仁愛鄉 | G34: 翠華村 | I34: 271788.82 | J34: 2676723.1 | K34: 270960 | L34: 2676929 | M34: 95 | N34: 0609豪雨 | O34: 38877.208 | P34: 1.力行產業道路翠巒支線遭受崩塌沖毀。2.民宅計有5棟沖毀。3.茶園林地約15公頃土地流失。4.電力設施電桿數十支沖毀。 | R34: 01H210 | S34: 翠巒 | T34: 25.5 | U34: 436.4 | V34: — | W34: =IF(IF(ISERROR(SEARCH("-",P34))=TRUE,0,1)=1,IF(H34<>"",0,1),0) -> 0 | AC34: =IF(COUNTIFS(作業區!$W$2:$W$2000, T34, 作業區!$X$2:$X$2000, U34)>0, "已存在", "未擴充") -> 已存在
A35: =ROW(A35)-1 -> 34 | B35: 崩塌 | D35: 47號民宅前 | E35: 南投縣 | F35: 信義鄉 | G35: 人和村 | I35: 239330.94 | J35: 2630325.3 | K35: 238502 | L35: 2630531 | M35: 95 | N35: 0609豪雨 | O35: 38877.208 | P35: 1.二戶民宅前空地及道路龜裂。2.民生巷道路中斷約100公尺、道路旁擋土牆約100公尺龜裂。3.人命損失：0人4.房舍受損：2棟。5.道路毀損：約100公尺。 | R35: C1I160 | S35: 龍神橋 | T35: 13.5 | U35: 71.3 | V35: — | W35: =IF(IF(ISERROR(SEARCH("-",P35))=TRUE,0,1)=1,IF(H35<>"",0,1),0) -> 0 | AC35: =IF(COUNTIFS(作業區!$W$2:$W$2000, T35, 作業區!$X$2:$X$2000, U35)>0, "已存在", "未擴充") -> 已存在
A36: =ROW(A36)-1 -> 35 | B36: 崩塌 | D36: 苗栗市新英里(台鐵台中線k145處) | E36: 苗栗縣 | F36: 苗栗市 | G36: 新英里 | I36: 229695.97 | J36: 2715188 | K36: 228867 | L36: 2715394 | M36: 95 | N36: 0609豪雨 | O36: 38878.333 | P36: 1.台鐵台中線k145處上邊坡崩塌破壞。2.鐵軌遭土石覆蓋50公尺。3.人命損失：輕傷6人。4.百餘列車誤點。5.崩塌面積0.13ha | R36: C1E550 | S36: 明德 | T36: 51 | U36: 261.6 | V36: — | W36: =IF(IF(ISERROR(SEARCH("-",P36))=TRUE,0,1)=1,IF(H36<>"",0,1),0) -> 0 | AC36: =IF(COUNTIFS(作業區!$W$2:$W$2000, T36, 作業區!$X$2:$X$2000, U36)>0, "已存在", "未擴充") -> 已存在
A37: =ROW(A37)-1 -> 36 | B37: 崩塌 | D37: 雲61線 | E37: 雲林縣 | F37: 林內鄉 | G37: 坪頂村 | I37: 213143.04 | J37: 2627780.3 | K37: 212314 | L37: 2627986 | M37: 95 | N37: 0609豪雨 | O37: 38877.708 | P37: 1.雲61線公路之坪頂村入口段路基邊坡土石崩塌約20公尺。2.人命損失：0人。3.倉庫受損：2棟。4.崩塌面積0.12ha。 | R37: 11H100 | S37: 竹山 | T37: 1 | U37: 250.7 | V37: — | W37: =IF(IF(ISERROR(SEARCH("-",P37))=TRUE,0,1)=1,IF(H37<>"",0,1),0) -> 0 | AC37: =IF(COUNTIFS(作業區!$W$2:$W$2000, T37, 作業區!$X$2:$X$2000, U37)>0, "已存在", "未擴充") -> 已存在
A38: =ROW(A38)-1 -> 37 | B38: 崩塌、地滑 | D38: 九號鄉道、台14線道路 | E38: 南投縣 | F38: 仁愛鄉 | G38: 大同村 | I38: 263296.85 | J38: 2657263.2 | K38: 262468 | L38: 2657469 | M38: 95 | N38: 0609豪雨 | O38: 38877.625 | P38: 1.九號鄉道中斷、建物基礎掏空。2.台14線道路龜裂，長約200m。3.人命損失：0人。 4. 房舍受損：18棟。5.擋土牆損壞約130公尺。 6. 九號鄉道崩塌範圍2.2ha。 | R38: 01H310 | S38: 翠峰 | T38: 9 | U38: 529.4 | V38: — | W38: =IF(IF(ISERROR(SEARCH("-",P38))=TRUE,0,1)=1,IF(H38<>"",0,1),0) -> 0 | AC38: =IF(COUNTIFS(作業區!$W$2:$W$2000, T38, 作業區!$X$2:$X$2000, U38)>0, "已存在", "未擴充") -> 已存在
A39: =ROW(A39)-1 -> 38 | B39: 地滑 | D39: 東勢鎮泰興里(石嵙巷) | E39: 臺中市 | F39: 東勢區 | G39: 泰興里 | I39: 227901.98 | J39: 2687192.1 | K39: 227073 | L39: 2687398 | M39: 96 | N39: 0604豪雨 | O39: 39241.583 | P39: 掩埋一輛行經石嵙巷之小客車。上邊坡之勝玄宮部分地基懸空。石嵙巷道路損毀約100公尺。人命損失：0人。房舍損失：1棟(勝玄宮) | R39: C1F920 | S39: 石岡 | T39: 20.5 | U39: 387.8 | V39: — | W39: =IF(IF(ISERROR(SEARCH("-",P39))=TRUE,0,1)=1,IF(H39<>"",0,1),0) -> 0 | AC39: =IF(COUNTIFS(作業區!$W$2:$W$2000, T39, 作業區!$X$2:$X$2000, U39)>0, "已存在", "未擴充") -> 已存在
A40: =ROW(A40)-1 -> 39 | B40: 地滑 | D40: 水里鄉車埕村(投131線29.1k處) | E40: 南投縣 | F40: 水里鄉 | G40: 車埕村 | I40: 235737.95 | J40: 2637144.2 | K40: 234909 | L40: 2637350 | M40: 96 | N40: 0604豪雨 | O40: 39240.667 | P40: 投131縣道中斷60m。檳榔樹坡面遭沖刷。無人傷亡及房屋受損。預力地錨式擋土牆偏移及下陷，長約60m。 | R40: C1I270 | S40: 水里 | T40: 30 | U40: 155.7 | V40: 250 | W40: =IF(IF(ISERROR(SEARCH("-",P40))=TRUE,0,1)=1,IF(H40<>"",0,1),0) -> 0 | AC40: =IF(COUNTIFS(作業區!$W$2:$W$2000, T40, 作業區!$X$2:$X$2000, U40)>0, "已存在", "未擴充") -> 已存在
A41: =ROW(A41)-1 -> 40 | B41: 崩塌 | D41: 石碇鄉潭邊村外石崁產業道路（縣106乙6.6k處） | E41: 新北市 | F41: 石碇區 | G41: 潭邊里 | I41: 315973.69 | J41: 2765877.8 | K41: 315145 | L41: 2766084 | M41: 96 | N41: 0604豪雨 | O41: 39241.375 | P41: 道路損毀：外石崁產業道路損毀約50公尺。人命損失：0人。民宅建物損毀：農舍乙棟。 | R41: C1A640 | S41: 石碇 | T41: 4.5 | U41: 230.3 | V41: 500 | W41: =IF(IF(ISERROR(SEARCH("-",P41))=TRUE,0,1)=1,IF(H41<>"",0,1),0) -> 0 | AC41: =IF(COUNTIFS(作業區!$W$2:$W$2000, T41, 作業區!$X$2:$X$2000, U41)>0, "已存在", "未擴充") -> 已存在
A42: =ROW(A42)-1 -> 41 | B42: 崩塌 | D42: 中和市華南里 | E42: 新北市 | F42: 中和區 | G42: 華南里 | I42: 301669.73 | J42: 2763844.8 | K42: 300841 | L42: 2764051 | M42: 96 | N42: 0604豪雨 | O42: 39243.25 | P42: 磐石樓外圍擋土牆遭受崩塌影響損毀。擋土牆約50公尺損壞。登山步道約15公尺斷裂。觀景魚池及涼亭一座損毀。 | R42: C1A700 | S42: 南勢角 | T42: 1 | U42: 232.6 | V42: — | W42: =IF(IF(ISERROR(SEARCH("-",P42))=TRUE,0,1)=1,IF(H42<>"",0,1),0) -> 0 | AC42: =IF(COUNTIFS(作業區!$W$2:$W$2000, T42, 作業區!$X$2:$X$2000, U42)>0, "已存在", "未擴充") -> 已存在
A43: =ROW(A43)-1 -> 42 | B43: 崩塌 | D43: 國姓鄉南港村(龍南道路4k處) | E43: 南投縣 | F43: 國姓鄉 | G43: 南港村 | I43: 234202.96 | J43: 2650392.2 | K43: 233374 | L43: 2650598 | M43: 96 | N43: 0604豪雨 | O43: 39240.667 | P43: 龍南道路中斷1250m。截水溝及集水井遭崩塌土石掩埋。無人傷亡集房屋受損。 | R43: C1I230 | S43: 九份二山 | T43: 26.5 | U43: 232.1 | V43: 250 | W43: =IF(IF(ISERROR(SEARCH("-",P43))=TRUE,0,1)=1,IF(H43<>"",0,1),0) -> 0 | AC43: =IF(COUNTIFS(作業區!$W$2:$W$2000, T43, 作業區!$X$2:$X$2000, U43)>0, "已存在", "未擴充") -> 已存在
A44: =ROW(A44)-1 -> 43 | B44: 崩塌 | D44: 安樂區三民里(麥金路) | E44: 基隆市 | F44: 安樂區 | G44: 三民里 | I44: 322735.67 | J44: 2779602.7 | K44: 321907 | L44: 2779809 | M44: 96 | N44: 0604豪雨 | O44: 39241.333 | P44: 崩塌土石約2000立方公尺，1輛廂型車、2輛小客車及1輛機車遭土石掩埋，造成3死4傷，麥金路中斷約50公尺。 | R44: 01B030 | S44: 五堵 | T44: 13 | U44: 192.9 | V44: — | W44: =IF(IF(ISERROR(SEARCH("-",P44))=TRUE,0,1)=1,IF(H44<>"",0,1),0) -> 0 | AC44: =IF(COUNTIFS(作業區!$W$2:$W$2000, T44, 作業區!$X$2:$X$2000, U44)>0, "已存在", "未擴充") -> 已存在
A45: =ROW(A45)-1 -> 44 | B45: 土石流 | D45: 太麻里鄉(加崙農路) | E45: 臺東縣 | F45: 太麻里鄉 | G45: 大王村 | H45: 東縣DF111 | I45: 249582.9 | J45: 2502786.8 | K45: 248754 | L45: 2502992 | M45: 96 | N45: 0809豪雨 | O45: 39303.083 | P45: 土石流流入民宅，漫淹道路。人命損失:0人。房舍受損:土石流入2戶。 | R45: C0S690 | S45: 太麻里 | T45: 55 | U45: 316.2 | V45: 450 | W45: =IF(IF(ISERROR(SEARCH("-",P45))=TRUE,0,1)=1,IF(H45<>"",0,1),0) -> 0 | AC45: =IF(COUNTIFS(作業區!$W$2:$W$2000, T45, 作業區!$X$2:$X$2000, U45)>0, "已存在", "未擴充") -> 已存在
A46: =ROW(A46)-1 -> 45 | B46: 土石流 | D46: 三地門鄉達來村(好茶溪-屏東006) | E46: 屏東縣 | F46: 三地門鄉 | G46: 達來村 | H46: 屏縣DF013 | I46: 219720.03 | J46: 2510319.8 | K46: 218891 | L46: 2510525 | M46: 96 | N46: 0809豪雨 | O46: 39307.792 | P46: 好茶橋右岸好茶道路遭土石溢流淤埋，長度約250公尺。好茶橋橋樑遭土石沖刷斷裂損毀，橋梁長度約為110公尺。好茶橋到好茶村道路路基沖毀，長度約為100公尺。 | R46: C1R140 | S46: 瑪家 | T46: 71 | U46: 1104.01 | V46: 550 | W46: =IF(IF(ISERROR(SEARCH("-",P46))=TRUE,0,1)=1,IF(H46<>"",0,1),0) -> 0 | AC46: =IF(COUNTIFS(作業區!$W$2:$W$2000, T46, 作業區!$X$2:$X$2000, U46)>0, "已存在", "未擴充") -> 已存在
A47: =ROW(A47)-1 -> 46 | B47: 土石流 | D47: 瑪家鄉瑪家村(好茶獅子橋) | E47: 屏東縣 | F47: 瑪家鄉 | G47: 瑪家村 | H47: 屏縣DF019 | I47: 217418.04 | J47: 2510795.8 | K47: 216589 | L47: 2511001 | M47: 96 | N47: 0809豪雨 | O47: 39307.792 | P47: 好茶獅子橋遭淤埋，其面積約0.32ha。好茶獅子橋下游側遭土石堆積，其面積約3.6ha。好茶獅子橋孔遭土石堵塞。電力設施:電桿毀損3支。道路毀損:約200公尺。 | R47: C1R140 | S47: 瑪家 | T47: 71 | U47: 1104.4 | V47: — | W47: =IF(IF(ISERROR(SEARCH("-",P47))=TRUE,0,1)=1,IF(H47<>"",0,1),0) -> 0 | AC47: =IF(COUNTIFS(作業區!$W$2:$W$2000, T47, 作業區!$X$2:$X$2000, U47)>0, "已存在", "未擴充") -> 已存在
A48: =ROW(A48)-1 -> 47 | B48: 崩塌 | D48: 南化鄉西埔村 | E48: 臺南市 | F48: 南化區 | G48: 西埔里 | I48: 193031.14 | J48: 2549216.6 | K48: 192202 | L48: 2549422 | M48: 96 | N48: 0809豪雨 | O48: 39308.125 | P48: 道路路基掏空約12公尺。擋土牆損壞約12公尺。 | R48: C1O830 | S48: 北寮 | T48: 4 | U48: 658.7 | V48: — | W48: =IF(IF(ISERROR(SEARCH("-",P48))=TRUE,0,1)=1,IF(H48<>"",0,1),0) -> 0 | AC48: =IF(COUNTIFS(作業區!$W$2:$W$2000, T48, 作業區!$X$2:$X$2000, U48)>0, "已存在", "未擴充") -> 已存在
A49: =ROW(A49)-1 -> 48 | B49: 崩塌 | D49: 埔里鎮蜈蚣里 | E49: 南投縣 | F49: 埔里鎮 | G49: 蜈蚣里 | I49: 249569.9 | J49: 2650111.2 | K49: 248741 | L49: 2650317 | M49: 96 | N49: 0809豪雨 | O49: 39307.292 | P49: 蜈蚣里鯉魚路50-1號旁之山坡地發生邊坡，造成一婦女傷亡。 | R49: C1L250 | S49: 埔里雨量站 | T49: 43.5 | U49: 195.3 | V49: 350 | W49: =IF(IF(ISERROR(SEARCH("-",P49))=TRUE,0,1)=1,IF(H49<>"",0,1),0) -> 1 | AC49: =IF(COUNTIFS(作業區!$W$2:$W$2000, T49, 作業區!$X$2:$X$2000, U49)>0, "已存在", "未擴充") -> 已存在
A50: =ROW(A50)-1 -> 49 | B50: 崩塌 | D50: 鹿谷鄉清水村(小嶺產業道路) | E50: 南投縣 | F50: 鹿谷鄉 | G50: 清水村 | I50: 226619.99 | J50: 2643064.2 | K50: 225791 | L50: 2643270 | M50: 96 | N50: 0809豪雨 | O50: 2007/08/10 晚間 | P50: 小嶺產業道路損毀約100公尺。新建之產業運輸大橋橋面版及護欄損壞約20公尺。位於小嶺產業道路之石籠擋土牆損毀約100公尺。 | R50: C1I170 | S50: 集集 | T50: 6 | U50: 60.7 | V50: — | W50: =IF(IF(ISERROR(SEARCH("-",P50))=TRUE,0,1)=1,IF(H50<>"",0,1),0) -> 0 | AC50: =IF(COUNTIFS(作業區!$W$2:$W$2000, T50, 作業區!$X$2:$X$2000, U50)>0, "已存在", "未擴充") -> 已存在
A51: =ROW(A51)-1 -> 50 | B51: 崩塌 | D51: 好茶道路(距好茶獅子橋2.8km) | E51: 屏東縣 | F51: 三地門鄉 | G51: 達來村 | I51: 219412.03 | J51: 2510518.8 | K51: 218583 | L51: 2510724 | M51: 96 | N51: 0809豪雨 | O51: 39307.792 | P51: 道路上邊坡山崩滑落0.62公頃。造成交通中斷且坡趾擋土牆毀壞。道路下邊坡山崩滑落1.04公頃。造成道路擋土牆及護欄毀壞。電力設施:電桿斷裂1支。 | R51: C1R140 | S51: 瑪家 | T51: 71 | U51: 1104.4 | V51: 550 | W51: =IF(IF(ISERROR(SEARCH("-",P51))=TRUE,0,1)=1,IF(H51<>"",0,1),0) -> 0 | AC51: =IF(COUNTIFS(作業區!$W$2:$W$2000, T51, 作業區!$X$2:$X$2000, U51)>0, "已存在", "未擴充") -> 已存在
A52: =ROW(A52)-1 -> 51 | B52: 崩塌 | D52: 好茶道路(距好茶獅子橋1.4km) | E52: 屏東縣 | F52: 三地門鄉 | G52: 達來村 | I52: 218249.04 | J52: 2510970.8 | K52: 217420 | L52: 2511176 | M52: 96 | N52: 0809豪雨 | O52: 39307.792 | P52: 道路上邊坡山崩滑落0.88公頃。造成交通中斷且路面損壞100m。道路下邊坡山崩滑落0.3公頃。造成道路擋土牆及護欄毀壞。電力設施:電桿及電信桿各斷裂1支。 | R52: C1R140 | S52: 瑪家 | T52: 71 | U52: 1104.4 | V52: — | W52: =IF(IF(ISERROR(SEARCH("-",P52))=TRUE,0,1)=1,IF(H52<>"",0,1),0) -> 0 | AC52: =IF(COUNTIFS(作業區!$W$2:$W$2000, T52, 作業區!$X$2:$X$2000, U52)>0, "已存在", "未擴充") -> 已存在
A53: =ROW(A53)-1 -> 52 | B53: 崩塌 | D53: 瑪家鄉瑪家村(好茶道路，距原住民族文化園區入口約3公里處) | E53: 屏東縣 | F53: 瑪家鄉 | G53: 瑪家村 | I53: 216409.05 | J53: 2511443.8 | K53: 215580 | L53: 2511649 | M53: 96 | N53: 0809豪雨 | O53: 2007/08/13 16~19:00 | P53: 好茶道路遭土石掩埋約40公尺，交通中斷數日。造成好茶村停電、停話數日。人命損失:0人。 | R53: C1R140 | S53: 瑪家 | T53: 139 | U53: 1068.5 | V53: — | W53: =IF(IF(ISERROR(SEARCH("-",P53))=TRUE,0,1)=1,IF(H53<>"",0,1),0) -> 0 | AC53: =IF(COUNTIFS(作業區!$W$2:$W$2000, T53, 作業區!$X$2:$X$2000, U53)>0, "已存在", "未擴充") -> 已存在
A54: =ROW(A54)-1 -> 53 | B54: 崩塌 | D54: 瑪家鄉瑪家村(好茶道路，距原住民族文化園區入口約1公里處) | E54: 屏東縣 | F54: 瑪家鄉 | G54: 瑪家村 | I54: 214851.05 | J54: 2511813.8 | K54: 214022 | L54: 2512019 | M54: 96 | N54: 0809豪雨 | O54: 2007/08/13 16~19:00 | P54: 好茶道路遭土石掩埋約95公尺，交通中斷數日。原住民文化園區部分停電、停話數日。 | R54: C1R140 | S54: 瑪家 | T54: 139 | U54: 1068.5 | V54: — | W54: =IF(IF(ISERROR(SEARCH("-",P54))=TRUE,0,1)=1,IF(H54<>"",0,1),0) -> 0 | AC54: =IF(COUNTIFS(作業區!$W$2:$W$2000, T54, 作業區!$X$2:$X$2000, U54)>0, "已存在", "未擴充") -> 已存在
A55: =ROW(A55)-1 -> 54 | B55: 崩塌 | D55: 霧台鄉好茶村 | E55: 屏東縣 | F55: 霧臺鄉 | G55: 好茶村 | I55: 220189.03 | J55: 2510040.8 | K55: 219360 | L55: 2510246 | M55: 96 | N55: 0809豪雨 | O55: 39307.667 | P55: 好茶教會右側邊坡發生崩塌災害，範圍寬約40公尺、長約274公尺、初估約22000立方公尺土方掩埋下方之民宅約8戶及道路約100公尺。 | R55: C1R140 | S55: 瑪家 | T55: 112.5 | U55: 846.7 | V55: — | W55: =IF(IF(ISERROR(SEARCH("-",P55))=TRUE,0,1)=1,IF(H55<>"",0,1),0) -> 0 | AC55: =IF(COUNTIFS(作業區!$W$2:$W$2000, T55, 作業區!$X$2:$X$2000, U55)>0, "已存在", "未擴充") -> 已存在
A56: =ROW(A56)-1 -> 55 | B56: 崩塌 | D56: 霧台鄉好茶村 | E56: 屏東縣 | F56: 霧臺鄉 | G56: 好茶村 | I56: 219943.03 | J56: 2510335.8 | K56: 219114 | L56: 2510541 | M56: 96 | N56: 0809豪雨 | O56: 39307.667 | P56: 好茶國小後方操場邊坡發生崩塌災害，範圍寬約100公尺、長約240公尺，初估約48000立方公尺之土方掩埋下方好茶國小、民宅約40戶及道路長約100公尺。 | R56: CIR140 | S56: 瑪家 | T56: 112.5 | U56: 846.7 | V56: — | W56: =IF(IF(ISERROR(SEARCH("-",P56))=TRUE,0,1)=1,IF(H56<>"",0,1),0) -> 0 | AC56: =IF(COUNTIFS(作業區!$W$2:$W$2000, T56, 作業區!$X$2:$X$2000, U56)>0, "已存在", "未擴充") -> 已存在
A57: =ROW(A57)-1 -> 56 | B57: 崩塌 | D57: 林園鄉潭頭村(清水巖路) | E57: 高雄市 | F57: 林園區 | G57: 潭頭里 | I57: 187082.18 | J57: 2491625.8 | K57: 186253 | L57: 2491831 | M57: 96 | N57: 0809豪雨 | O57: 39309.458 | P57: 位於坡腳清水巖路254號之民宅二樓遭巨石壓毀。人命損失:0人。房屋受損:1棟(清水巖254號) | R57: C1V450 | S57: 鳳森 | T57: 42.5 | U57: 558 | V57: — | W57: =IF(IF(ISERROR(SEARCH("-",P57))=TRUE,0,1)=1,IF(H57<>"",0,1),0) -> 0 | AC57: =IF(COUNTIFS(作業區!$W$2:$W$2000, T57, 作業區!$X$2:$X$2000, U57)>0, "已存在", "未擴充") -> 已存在
A58: =ROW(A58)-1 -> 57 | B58: 崩塌 | D58: 鳳林鎮森榮里(林田山林業文化園區內之森榮國小) | E58: 花蓮縣 | F58: 鳳林鎮 | G58: 森榮里 | I58: 290584.74 | J58: 2623662.3 | K58: 289756 | L58: 2623868 | M58: 96 | N58: 96年其他 | O58: 39370.042 | P58: 森榮國小內舊有校舍遭巨石毀損。人命損失:0人。房舍受損:1棟。 | R58: C1T940 | S58: 大觀 | T58: 0 | U58: 6.5 | V58: — | W58: =IF(IF(ISERROR(SEARCH("-",P58))=TRUE,0,1)=1,IF(H58<>"",0,1),0) -> 0 | AC58: =IF(COUNTIFS(作業區!$W$2:$W$2000, T58, 作業區!$X$2:$X$2000, U58)>0, "已存在", "未擴充") -> 已存在
A59: =ROW(A59)-1 -> 58 | B59: 崩塌 | D59: 雲林縣林內鄉坪頂村 | E59: 雲林縣 | F59: 林內鄉 | G59: 坪頂村 | I59: 213143.04 | J59: 2627780.3 | K59: 212314 | L59: 2627986 | M59: 96 | N59: 96年其他 | O59: 39224.25 | P59: 雲61線公路之坪頂村入口段路基邊坡土石崩塌，路基流失約40公尺。 | R59: 11H100 | S59: 竹山 | T59: 0 | U59: 66.4 | V59: — | W59: =IF(IF(ISERROR(SEARCH("-",P59))=TRUE,0,1)=1,IF(H59<>"",0,1),0) -> 0 | AC59: =IF(COUNTIFS(作業區!$W$2:$W$2000, T59, 作業區!$X$2:$X$2000, U59)>0, "已存在", "未擴充") -> 已存在
A60: =ROW(A60)-1 -> 59 | B60: 地滑 | D60: 石岡鄉金星村 | E60: 臺中市 | F60: 石岡區 | G60: 金星里 | I60: 228164.98 | J60: 2684227.1 | K60: 227336 | L60: 2684433 | M60: 96 | N60: 柯羅莎颱風 | O60: 39362.667 | P60: 石岡鄉金星村中91鄉道約2k處之坡地發生邊坡滑動，造成路面毀損約60公尺，交通中斷。房屋受損:1棟。道路毀損:60公尺。 | R60: C1F920 | S60: 石岡 | T60: 34 | U60: 128 | V60: — | W60: =IF(IF(ISERROR(SEARCH("-",P60))=TRUE,0,1)=1,IF(H60<>"",0,1),0) -> 0 | AC60: =IF(COUNTIFS(作業區!$W$2:$W$2000, T60, 作業區!$X$2:$X$2000, U60)>0, "已存在", "未擴充") -> 已存在
A61: =ROW(A61)-1 -> 60 | B61: 崩塌 | D61: 台北市新安路21之1號 | E61: 臺北市 | F61: 士林區 | G61: 新安里 | I61: 305860.73 | J61: 2779170.7 | K61: 305032 | L61: 2779377 | M61: 96 | N61: 柯羅莎颱風 | O61: 39361.625 | P61: 新安路民宅上邊坡崩塌造成八人受困，兩人死亡，六人獲救。人員死亡:2人。房舍受損:3戶。 | R61: C0A9C0 | S61: 天母 | T61: 33 | U61: 205.3 | V61: — | W61: =IF(IF(ISERROR(SEARCH("-",P61))=TRUE,0,1)=1,IF(H61<>"",0,1),0) -> 0 | AC61: =IF(COUNTIFS(作業區!$W$2:$W$2000, T61, 作業區!$X$2:$X$2000, U61)>0, "已存在", "未擴充") -> 已存在
A62: =ROW(A62)-1 -> 61 | B62: 崩塌 | D62: 自強路307巷16號 | E62: 新北市 | F62: 淡水區 | G62: 福德里 | I62: 296553.76 | J62: 2780534.7 | K62: 295725 | L62: 2780741 | M62: 96 | N62: 柯羅莎颱風 | O62: 39361.646 | P62: 福德里山坡發生崩塌，造成上邊坡民宅地基裸露，下方土石侵入寺廟。人命損失:0人。房舍受損:4戶。 | R62: C1A970 | S62: 關渡 | T62: 49.5 | U62: 305.5 | V62: — | W62: =IF(IF(ISERROR(SEARCH("-",P62))=TRUE,0,1)=1,IF(H62<>"",0,1),0) -> 0 | AC62: =IF(COUNTIFS(作業區!$W$2:$W$2000, T62, 作業區!$X$2:$X$2000, U62)>0, "已存在", "未擴充") -> 已存在
A63: =ROW(A63)-1 -> 62 | B63: 崩塌 | D63: 五股鄉觀音村 | E63: 新北市 | F63: 五股區 | G63: 觀音里 | I63: 292508.77 | J63: 2778016.8 | K63: 291680 | L63: 2778223 | M63: 96 | N63: 柯羅莎颱風 | O63: 39362.042 | P63: 中直路15之3號靜修堂前下邊坡發生崩塌，崩塌範圍寬約36公尺、長約50公尺、粗估約3500立方公尺之土方滑落下方中直路15號聯絡道路，造成路面毀損掩埋約150公尺，滑落之土石並流入下方東西向快速道路工地及民宅等兩戶庭院道路。 | R63: C1A680 | S63: 五股 | T63: 0 | U63: 222.1 | V63: — | W63: =IF(IF(ISERROR(SEARCH("-",P63))=TRUE,0,1)=1,IF(H63<>"",0,1),0) -> 0 | AC63: =IF(COUNTIFS(作業區!$W$2:$W$2000, T63, 作業區!$X$2:$X$2000, U63)>0, "已存在", "未擴充") -> 已存在
A64: =ROW(A64)-1 -> 63 | B64: 土石流 | D64: 獅潭鄉新豐村(八角坑溪) | E64: 苗栗縣 | F64: 獅潭鄉 | G64: 新豐村 | H64: 苗縣DF018 | I64: 274212 | J64: 2709335 | K64: 235391 | L64: 2625483 | M64: 96 | N64: 韋帕颱風 | O64: 39343.708 | P64: 八角坑產業道路與野溪會合處遭受土石淤埋。採礦設置之施工便道遭土石淤埋。八角坑野溪支流上游土石堵塞河道。房舍受損:0棟。1名工人清除土石時遭暴漲溪水沖走死亡。 | R64: C0D360 | S64: 梅花 | T64: 20 | U64: 662.5 | V64: 500 | W64: =IF(IF(ISERROR(SEARCH("-",P64))=TRUE,0,1)=1,IF(H64<>"",0,1),0) -> 0 | AC64: =IF(COUNTIFS(作業區!$W$2:$W$2000, T64, 作業區!$X$2:$X$2000, U64)>0, "已存在", "未擴充") -> 已存在
A65: =ROW(A65)-1 -> 64 | B65: 地滑 | D65: 林務局第4林班地 | E65: 苗栗縣 | F65: 三義鄉 | G65: 鯉魚潭村 | I65: 224101.99 | J65: 2694398 | K65: 223273 | L65: 2694604 | M65: 96 | N65: 韋帕颱風 | O65: 39344.042 | P65: 第4林班地發生地層滑動，大量崩塌土石堵塞，造成洪水溢堤漫淹至左岸旁之農田與民宅。道路毀損:180m，農田流失:約0.42公頃。 | R65: C0E530 | S65: 三義 | T65: 5.5 | U65: 311.6 | V65: — | W65: =IF(IF(ISERROR(SEARCH("-",P65))=TRUE,0,1)=1,IF(H65<>"",0,1),0) -> 0 | AC65: =IF(COUNTIFS(作業區!$W$2:$W$2000, T65, 作業區!$X$2:$X$2000, U65)>0, "已存在", "未擴充") -> 已存在
A66: =ROW(A66)-1 -> 65 | B66: 崩塌 | D66: 復興鄉華陵村 | E66: 桃園市 | F66: 復興區 | G66: 華陵里 | I66: 288207.77 | J66: 2731262.9 | K66: 287379 | L66: 2731469 | M66: 96 | N66: 韋帕颱風 | O66: 39343.458 | P66: 桃113縣道0k+880處道路上方邊坡發生崩塌災害，崩塌下移隻土石造成下方道路堵塞中斷、路面龜裂、排水設施及檔土損毀。 | R66: 21C070 | S66: 巴陵 | T66: 22 | U66: 181 | V66: — | W66: =IF(IF(ISERROR(SEARCH("-",P66))=TRUE,0,1)=1,IF(H66<>"",0,1),0) -> 0 | AC66: =IF(COUNTIFS(作業區!$W$2:$W$2000, T66, 作業區!$X$2:$X$2000, U66)>0, "已存在", "未擴充") -> 已存在
A67: =ROW(A67)-1 -> 66 | B67: 崩塌 | D67: 復興鄉三光村 | E67: 桃園市 | F67: 復興區 | G67: 三光里 | I67: 286319.78 | J67: 2728358.9 | K67: 285491 | L67: 2728565 | M67: 96 | N67: 韋帕颱風 | O67: 39343.458 | P67: 復華道路4k+250處之土方滑落，造成路面毀損約35公尺，交通中斷。崩塌地旁之復華道路因天雨造成路基流失約71公尺造成部分地基懸空。水電設施:電線桿毀損3支。 | R67: 21C070 | S67: 巴陵 | T67: 22 | U67: 181 | V67: — | W67: =IF(IF(ISERROR(SEARCH("-",P67))=TRUE,0,1)=1,IF(H67<>"",0,1),0) -> 0 | AC67: =IF(COUNTIFS(作業區!$W$2:$W$2000, T67, 作業區!$X$2:$X$2000, U67)>0, "已存在", "未擴充") -> 已存在
A68: =ROW(A68)-1 -> 67 | B68: 土石流 | D68: 甲仙鄉東安村(鹽桑坑溪上游支流) | E68: 高雄市 | F68: 甲仙區 | G68: 東安里 | H68: 高市DF018 | I68: 212422.06 | J68: 2552868.6 | K68: 211593 | L68: 2553074 | M68: 96 | N68: 聖帕颱風 | O68: 39313 | P68: 白雲巷20-1、20-2號3棟宅遭土石淤埋全毀。房舍受損:3棟。 | R68: C0V250 | S68: 甲仙 | T68: 90.5 | U68: 539.8 | V68: 500 | W68: =IF(IF(ISERROR(SEARCH("-",P68))=TRUE,0,1)=1,IF(H68<>"",0,1),0) -> 0 | AC68: =IF(COUNTIFS(作業區!$W$2:$W$2000, T68, 作業區!$X$2:$X$2000, U68)>0, "已存在", "未擴充") -> 已存在
A69: =ROW(A69)-1 -> 68 | B69: 土石流 | D69: 六龜鄉寶來村(新寶來溫泉渡假村) | E69: 高雄市 | F69: 六龜區 | G69: 寶來里 | H69: 高市DF047 | I69: 218919.03 | J69: 2556195.6 | K69: 218090 | L69: 2556401 | M69: 96 | N69: 聖帕颱風 | O69: 39314.5 | P69: 新寶來溫泉度假村12棟渡假小木屋遭洪水沖毀流失；兩棟建物(迎賓樓及茶藝館)部分地基流失。河道左側護岸遭洪水沖毀流失約200公尺。人命損失:0人 。房舍受損:14棟。 | R69: C1V240 | S69: 新發 | T69: 33 | U69: 940.3 | V69: 450 | W69: =IF(IF(ISERROR(SEARCH("-",P69))=TRUE,0,1)=1,IF(H69<>"",0,1),0) -> 0 | AC69: =IF(COUNTIFS(作業區!$W$2:$W$2000, T69, 作業區!$X$2:$X$2000, U69)>0, "已存在", "未擴充") -> 已存在
A70: =ROW(A70)-1 -> 69 | B70: 地滑 | D70: 中寮鄉龍岩村(小溪旁產業道路) | E70: 南投縣 | F70: 中寮鄉 | G70: 龍岩村 | I70: 225170.99 | J70: 2648545.2 | K70: 224342 | L70: 2648751 | M70: 96 | N70: 聖帕颱風 | O70: 39313.708 | P70: 產業道路道路損毀約60公尺。果園損失面積約0.4公頃。擋土牆毀損約60公尺。砌石護岸毀損約60公尺。 | R70: C1H940 | S70: 雙冬 | T70: 14 | U70: 182.4 | V70: — | W70: =IF(IF(ISERROR(SEARCH("-",P70))=TRUE,0,1)=1,IF(H70<>"",0,1),0) -> 0 | AC70: =IF(COUNTIFS(作業區!$W$2:$W$2000, T70, 作業區!$X$2:$X$2000, U70)>0, "已存在", "未擴充") -> 已存在
A71: =ROW(A71)-1 -> 70 | B71: 地滑 | D71: 茄苳仔11鄰10之1號後方山坡地 | E71: 嘉義縣 | F71: 竹崎鄉 | G71: 光華村 | I71: 214211.04 | J71: 2597479.4 | K71: 213382 | L71: 2597685 | M71: 96 | N71: 聖帕颱風 | O71: 39314.667 | P71: 此次地層滑動土石未直接衝向下方之11鄰民宅，而是左偏向濁水溪橋上游河道，以致未造成災害。人命損失:0人。房舍受損:0棟。 | R71: C1M610 | S71: 石磐龍 | T71: 1 | U71: 541.1 | V71: 450 | W71: =IF(IF(ISERROR(SEARCH("-",P71))=TRUE,0,1)=1,IF(H71<>"",0,1),0) -> 0 | AC71: =IF(COUNTIFS(作業區!$W$2:$W$2000, T71, 作業區!$X$2:$X$2000, U71)>0, "已存在", "未擴充") -> 已存在
A72: =ROW(A72)-1 -> 71 | B72: 地滑 | D72: 嘉135鄉道9.3k處 | E72: 嘉義縣 | F72: 中埔鄉 | G72: 石弄村 | I72: 205628.08 | J72: 2589019.4 | K72: 204799 | L72: 2589225 | M72: 96 | N72: 聖帕颱風 | O72: 39312.958 | P72: 路基與道路邊坡崩塌，範圍寬約120m，長約20m，路面毀損約150m，交通中斷。人命損失:0人。道路毀損:150m。 | R72: C1M600 | S72: 頭凍 | T72: 61 | U72: 431.3 | V72: 450 | W72: =IF(IF(ISERROR(SEARCH("-",P72))=TRUE,0,1)=1,IF(H72<>"",0,1),0) -> 0 | AC72: =IF(COUNTIFS(作業區!$W$2:$W$2000, T72, 作業區!$X$2:$X$2000, U72)>0, "已存在", "未擴充") -> 已存在
A73: =ROW(A73)-1 -> 72 | B73: 洪水 | D73: 苗栗市水源里(龜山便橋) | E73: 苗栗縣 | F73: 苗栗市 | G73: 水源里 | I73: 231489.96 | J73: 2714571 | K73: 230661 | L73: 2714777 | M73: 96 | N73: 柯羅莎颱風 | O73: 39362.417 | P73: 龜山便橋斷裂約 32公尺。 電線桿損毀 3根。 | R73: C1E570 | S73: 公館 | T73: 8 | U73: 254.5 | V73: — | W73: =IF(IF(ISERROR(SEARCH("-",P73))=TRUE,0,1)=1,IF(H73<>"",0,1),0) -> 0 | AC73: =IF(COUNTIFS(作業區!$W$2:$W$2000, T73, 作業區!$X$2:$X$2000, U73)>0, "已存在", "未擴充") -> 已存在
A74: =ROW(A74)-1 -> 73 | B74: 崩塌 | D74: 太平市頭汴里 | E74: 臺中市 | F74: 太平區 | G74: 頭汴里 | I74: 226018.99 | J74: 2668788.1 | K74: 225190 | L74: 2668994 | M74: 96 | N74: 柯羅莎颱風 | O74: 39361.958 | P74: 太平市頭汴里北田路中坑巷 15號旁 檳榔園發生邊坡崩塌，造成北田路路基塌陷毀損約 30公尺，交通中斷。 | R74: C1F9B0 | S74: 桐林 | T74: 5.5 | U74: 74.4 | V74: — | W74: =IF(IF(ISERROR(SEARCH("-",P74))=TRUE,0,1)=1,IF(H74<>"",0,1),0) -> 0 | AC74: =IF(COUNTIFS(作業區!$W$2:$W$2000, T74, 作業區!$X$2:$X$2000, U74)>0, "已存在", "未擴充") -> 已存在
A75: =ROW(A75)-1 -> 74 | B75: 洪水 | D75: 緞繻村 1鄰雙溪 4號、6-1號 6-1號 | E75: 嘉義縣 | F75: 竹崎鄉 | G75: 緞繻村 | I75: 211022.05 | J75: 2603580.4 | K75: 210193 | L75: 2603786 | M75: 96 | N75: 96年其他 | O75: 39327.792 | P75: 雙溪4號屋後山坡之坑溝排洪夾帶大量土石堆積於屋後巷道；雙溪 6-1 號屋後山坡坡面沖蝕土砂堆積於屋後走廊。 房舍受損：2棟 | R75: C1M480 | S75: 樟腦寮 | T75: 66.5 | U75: 139.6 | V75: 450 | W75: =IF(IF(ISERROR(SEARCH("-",P75))=TRUE,0,1)=1,IF(H75<>"",0,1),0) -> 1 | AC75: =IF(COUNTIFS(作業區!$W$2:$W$2000, T75, 作業區!$X$2:$X$2000, U75)>0, "已存在", "未擴充") -> 已存在
A76: =ROW(A76)-1 -> 75 | B76: 洪水 | D76: 竹崎鄉龍山村 | E76: 嘉義縣 | F76: 竹崎鄉 | G76: 龍山村 | I76: 208546.06 | J76: 2601684.4 | K76: 207717 | L76: 2601890 | M76: 96 | N76: 柯羅莎颱風 | O76: 39361.792 | P76: 嘉義縣竹崎鄉瑞水公路嘉 122線四十五公里處的「金福橋」，因受到柯羅莎颱風帶來豪雨影響，造成牛稠 溪溪水暴漲，洪水沖斷金福橋，使 竹崎鄉龍山村及金獅村交通中斷。 | R76: C1M480 | S76: 樟腦寮 | T76: 56.5 | U76: 457.5 | V76: — | W76: =IF(IF(ISERROR(SEARCH("-",P76))=TRUE,0,1)=1,IF(H76<>"",0,1),0) -> 0 | AC76: =IF(COUNTIFS(作業區!$W$2:$W$2000, T76, 作業區!$X$2:$X$2000, U76)>0, "已存在", "未擴充") -> 已存在
A77: =ROW(A77)-1 -> 76 | B77: 洪水 | D77: 埔里鎮成功里 | E77: 南投縣 | F77: 埔里鎮 | G77: 成功里 | H77: 投縣DF040 | I77: 239980.94 | J77: 2651297.2 | K77: 239152 | L77: 2651503 | M77: 96 | N77: 0809豪雨 | O77: 39307.25 | P77: 右側護岸倒塌，長約為 11公尺。 左側護岸基礎淘空，長約為 30公尺。 | R77: C1H890 | S77: 大肚城 | T77: 38 | U77: 156.5 | V77: — | W77: =IF(IF(ISERROR(SEARCH("-",P77))=TRUE,0,1)=1,IF(H77<>"",0,1),0) -> 0 | AC77: =IF(COUNTIFS(作業區!$W$2:$W$2000, T77, 作業區!$X$2:$X$2000, U77)>0, "已存在", "未擴充") -> 已存在
A78: =ROW(A78)-1 -> 77 | B78: 洪水 | D78: 玉井鄉沙田村 | E78: 臺南市 | F78: 玉井區 | G78: 沙田里 | I78: 196518.12 | J78: 2556421.6 | K78: 195689 | L78: 2556627 | M78: 96 | N78: 0809豪雨 | O78: 39307.583 | P78: 護岸毀損約 60公尺。 | R78: C0O930 | S78: 玉井 | T78: 61 | U78: 453.1 | V78: — | W78: =IF(IF(ISERROR(SEARCH("-",P78))=TRUE,0,1)=1,IF(H78<>"",0,1),0) -> 0 | AC78: =IF(COUNTIFS(作業區!$W$2:$W$2000, T78, 作業區!$X$2:$X$2000, U78)>0, "已存在", "未擴充") -> 已存在
A79: =ROW(A79)-1 -> 78 | B79: 洪水 | D79: 龍崎鄉土崎村(內拷潭橋) | E79: 臺南市 | F79: 龍崎區 | G79: 土崎里 | I79: 185993.17 | J79: 2543115.6 | K79: 185164 | L79: 2543321 | M79: 96 | N79: 0809豪雨 | O79: 39307 | P79: 內拷潭橋左岸上游側護岸約 35公尺遭洪水沖毀。 | R79: C1O960 | S79: 崎頂 | T79: 4.5 | U79: 216.5 | V79: — | W79: =IF(IF(ISERROR(SEARCH("-",P79))=TRUE,0,1)=1,IF(H79<>"",0,1),0) -> 0 | AC79: =IF(COUNTIFS(作業區!$W$2:$W$2000, T79, 作業區!$X$2:$X$2000, U79)>0, "已存在", "未擴充") -> 已存在
A80: =ROW(A80)-1 -> 79 | B80: 洪水 | D80: 東勢鎮泰昌里 | E80: 臺中市 | F80: 東勢區 | G80: 泰昌里 | I80: 233746.96 | J80: 2682820.1 | K80: 232918 | L80: 2683026 | M80: 96 | N80: 0809豪雨 | O80: 39305.625 | P80: 左側護岸既有災損點擴大，基礎掏刷約為 19公尺、擋土牆破損約為 6公尺。 右側邊坡受固床工沖毀影響導致崩塌，崩塌長約為15公尺。 | R80: C1F850 | S80: 東勢 | T80: 5 | U80: 32.9 | V80: — | W80: =IF(IF(ISERROR(SEARCH("-",P80))=TRUE,0,1)=1,IF(H80<>"",0,1),0) -> 0 | AC80: =IF(COUNTIFS(作業區!$W$2:$W$2000, T80, 作業區!$X$2:$X$2000, U80)>0, "已存在", "未擴充") -> 已存在
A81: =ROW(A81)-1 -> 80 | B81: 洪水 | D81: 龍崎鄉崎頂村(崎腳橋) | E81: 臺南市 | F81: 龍崎區 | G81: 崎頂里 | I81: 185412.17 | J81: 2540410.6 | K81: 184583 | L81: 2540616 | M81: 96 | N81: 0809豪雨 | O81: 39303 | P81: 崎腳橋左岸橋台上游側岸坡遭溪水淘刷流失約 300立方公尺。 人命損失：0人 房舍受損：0棟 | R81: C1O960 | S81: 崎頂 | T81: — | U81: 482.4 | V81: — | W81: =IF(IF(ISERROR(SEARCH("-",P81))=TRUE,0,1)=1,IF(H81<>"",0,1),0) -> 0 | AC81: =IF(COUNTIFS(作業區!$W$2:$W$2000, T81, 作業區!$X$2:$X$2000, U81)>0, "已存在", "未擴充") -> 已存在
A82: =ROW(A82)-1 -> 81 | B82: 洪水 | D82: 東勢鎮慶福里(福南橋) | E82: 臺中市 | F82: 東勢區 | G82: 慶福里 | H82: 中市DF057 | I82: 236162.95 | J82: 2676034.1 | K82: 235334 | L82: 2676240 | M82: 96 | N82: 0604豪雨 | O82: 39242.625 | P82: 福南橋中斷。 產業道路下邊坡崩塌約80公尺。 下游 100公尺護岸基礎淘空。 人命損失：0人 | R82: C1F910 | S82: 新伯公 | T82: 1 | U82: 477.5 | V82: 250 | W82: =IF(IF(ISERROR(SEARCH("-",P82))=TRUE,0,1)=1,IF(H82<>"",0,1),0) -> 0 | AC82: =IF(COUNTIFS(作業區!$W$2:$W$2000, T82, 作業區!$X$2:$X$2000, U82)>0, "已存在", "未擴充") -> 已存在
A83: =ROW(A83)-1 -> 82 | B83: 崩塌 | D83: 鹿谷鄉清水村(小嶺產業道路) | E83: 南投縣 | F83: 鹿谷鄉 | G83: 清水村 | I83: 226619.99 | J83: 2643064.2 | K83: 225791 | L83: 2643270 | M83: 96 | N83: 0809豪雨 | O83: 2007/8/10 晚間 | P83: 小嶺產業道路毀損約 100公尺。 新建之產業運輸大道橋面版及護欄損壞約 20公尺。位於小嶺產業道路之石籠擋土牆毀損約 100公尺。 | R83: C1I170 | S83: 集集 | T83: 6 | U83: 60.7 | V83: — | W83: =IF(IF(ISERROR(SEARCH("-",P83))=TRUE,0,1)=1,IF(H83<>"",0,1),0) -> 0 | AC83: =IF(COUNTIFS(作業區!$W$2:$W$2000, T83, 作業區!$X$2:$X$2000, U83)>0, "已存在", "未擴充") -> 已存在
A84: =ROW(A84)-1 -> 83 | B84: 崩塌 | D84: 仁愛鄉大同村 | E84: 南投縣 | F84: 仁愛鄉 | G84: 大同村 | I84: 263296.85 | J84: 2657263.2 | K84: 262468 | L84: 2657469 | M84: 96 | N84: 0604豪雨 | O84: 39242.167 | P84: 九號鄉道中斷。水蜜桃果樹坡面遭沖刷。無人傷亡及房舍受損。加勁擋土牆沉陷，長約 30m。格樑護坡損毀，約 0.5ha。 | R84: 01H310 | S84: 翠峰 | T84: 11.5 | U84: 371.7 | V84: — | W84: =IF(IF(ISERROR(SEARCH("-",P84))=TRUE,0,1)=1,IF(H84<>"",0,1),0) -> 0 | AC84: =IF(COUNTIFS(作業區!$W$2:$W$2000, T84, 作業區!$X$2:$X$2000, U84)>0, "已存在", "未擴充") -> 已存在
A85: =ROW(A85)-1 -> 84 | B85: 洪水 | D85: 復興鄉高義村(蘇樂橋) | E85: 桃園市 | F85: 復興區 | G85: 高義里 | H85: 桃市DF035 | I85: 286203.78 | J85: 2732687.9 | K85: 285375 | L85: 2732894 | M85: 96 | N85: 0604豪雨 | O85: 39241.75 | P85: 蘇樂橋中斷。 兩端道路毀損約 50公尺。 | R85: 21C080 | S85: 高義 | T85: 1 | U85: 133 | V85: — | W85: =IF(IF(ISERROR(SEARCH("-",P85))=TRUE,0,1)=1,IF(H85<>"",0,1),0) -> 0 | AC85: =IF(COUNTIFS(作業區!$W$2:$W$2000, T85, 作業區!$X$2:$X$2000, U85)>0, "已存在", "未擴充") -> 已存在
A86: =ROW(A86)-1 -> 85 | B86: 洪水 | D86: 通霄鎮福源里(福源橋旁) | E86: 苗栗縣 | F86: 通霄鎮 | G86: 福源里 | I86: 220041 | J86: 2712021 | K86: 219212 | L86: 2712227 | M86: 96 | N86: 0604豪雨 | O86: 39241.333 | P86: 福源橋下游右岸護岸因洪水淘刷護岸基腳，以致斷裂毀損約30公尺。 | R86: C1E590 | S86: 土城 | T86: 6 | U86: 248.4 | V86: — | W86: =IF(IF(ISERROR(SEARCH("-",P86))=TRUE,0,1)=1,IF(H86<>"",0,1),0) -> 0 | AC86: =IF(COUNTIFS(作業區!$W$2:$W$2000, T86, 作業區!$X$2:$X$2000, U86)>0, "已存在", "未擴充") -> 已存在
A87: =ROW(A87)-1 -> 86 | B87: 洪水 | D87: 泰安鄉梅園村 | E87: 苗栗縣 | F87: 泰安鄉 | G87: 梅園村 | I87: 247749.91 | J87: 2699989 | K87: 246921 | L87: 2700195 | M87: 96 | N87: 0604豪雨 | O87: 39241.5 | P87: 司馬限林道14k處遭鞍部野溪洪水夾雜之土石掩埋約 30公尺。 人命損失：0人 道路毀損：約 30公尺。 | R87: C1F460 | S87: 松安 | T87: 22.5 | U87: 319.2 | V87: — | W87: =IF(IF(ISERROR(SEARCH("-",P87))=TRUE,0,1)=1,IF(H87<>"",0,1),0) -> 0 | AC87: =IF(COUNTIFS(作業區!$W$2:$W$2000, T87, 作業區!$X$2:$X$2000, U87)>0, "已存在", "未擴充") -> 已存在
A88: =ROW(A88)-1 -> 87 | B88: 洪水 | D88: 泰安鄉象鼻村大安部落(四號野溪下游出口處) | E88: 苗栗縣 | F88: 泰安鄉 | G88: 象鼻村 | I88: 246906.91 | J88: 2696511 | K88: 246078 | L88: 2696717 | M88: 96 | N88: 0604豪雨 | O88: 39241.625 | P88: 大安部落四號野溪洪水夾雜之溪床土石掩埋通往梅園村之產業道路約 200公尺。 人命損失：0人 道路毀損：約 200公尺。 | R88: C1F450 | S88: 象鼻 | T88: 28.5 | U88: 399 | V88: 350 | W88: =IF(IF(ISERROR(SEARCH("-",P88))=TRUE,0,1)=1,IF(H88<>"",0,1),0) -> 0 | AC88: =IF(COUNTIFS(作業區!$W$2:$W$2000, T88, 作業區!$X$2:$X$2000, U88)>0, "已存在", "未擴充") -> 已存在
A89: =ROW(A89)-1 -> 88 | B89: 洪水 | D89: 泰安鄉象鼻村(麻必浩溪與大安溪交匯口) | E89: 苗栗縣 | F89: 泰安鄉 | G89: 象鼻村 | H89: 苗縣DF074 | I89: 245714.92 | J89: 2694952 | K89: 244886 | L89: 2695158 | M89: 96 | N89: 0604豪雨 | O89: 39241.625 | P89: 護岸係位於河道凹岸，受洪水直接沖擊且河床下切之因素，以致護岸基腳淘刷，造成護岸毀損約40公尺。 | R89: C1E450 | S89: 象鼻 | T89: 28.5 | U89: 399 | V89: 350 | W89: =IF(IF(ISERROR(SEARCH("-",P89))=TRUE,0,1)=1,IF(H89<>"",0,1),0) -> 0 | AC89: =IF(COUNTIFS(作業區!$W$2:$W$2000, T89, 作業區!$X$2:$X$2000, U89)>0, "已存在", "未擴充") -> 已存在
A90: =ROW(A90)-1 -> 89 | B90: 崩塌 | D90: 國姓鄉乾溝村(投136線 54.4k 處) | E90: 南投縣 | F90: 國姓鄉 | G90: 乾溝村 | I90: 230810.97 | J90: 2658992.2 | K90: 229982 | L90: 2659198 | M90: 96 | N90: 0604豪雨 | O90: 39241.667 | P90: 投 136縣道上邊坡土石鬆動，滑落投136縣道並阻斷道路。 人命損失：0人 房舍受損：0棟 道路毀損：約 30公尺。 | R90: C1I190 | S90: 水長流 | T90: 9.5 | U90: 337.3 | V90: 250 | W90: =IF(IF(ISERROR(SEARCH("-",P90))=TRUE,0,1)=1,IF(H90<>"",0,1),0) -> 0 | AC90: =IF(COUNTIFS(作業區!$W$2:$W$2000, T90, 作業區!$X$2:$X$2000, U90)>0, "已存在", "未擴充") -> 已存在
A91: =ROW(A91)-1 -> 90 | B91: 地滑 | D91: 國姓鄉乾溝村 | E91: 南投縣 | F91: 國姓鄉 | G91: 乾溝村 | I91: 231560.97 | J91: 2662086.1 | K91: 230732 | L91: 2662292 | M91: 96 | N91: 0604豪雨 | O91: 39241.625 | P91: 投 136縣道下方邊坡地滑。路基約 40公尺崩塌至河谷，路側護欄斷裂。 人命損失：0人 房舍受損：0棟 道路毀損：約 40公尺。 | R91: C1I190 | S91: 水長流 | T91: 10.5 | U91: 326 | V91: 250 | W91: =IF(IF(ISERROR(SEARCH("-",P91))=TRUE,0,1)=1,IF(H91<>"",0,1),0) -> 0 | AC91: =IF(COUNTIFS(作業區!$W$2:$W$2000, T91, 作業區!$X$2:$X$2000, U91)>0, "已存在", "未擴充") -> 已存在
A92: =ROW(A92)-1 -> 91 | B92: 崩塌 | D92: 仁愛鄉互助村(投 80線 2k 處) | E92: 南投縣 | F92: 仁愛鄉 | G92: 互助村 | I92: 245437.92 | J92: 2661943.1 | K92: 244609 | L92: 2662149 | M92: 96 | N92: 0604豪雨 | O92: 39237.292 | P92: 投 80線道路遭掩埋中斷。 河道護岸損毀，長約 50公尺。 道路損毀，長約 60公尺。 | R92: C1H900 | S92: 清流 | T92: 3.5 | U92: 47.8 | V92: 250 | W92: =IF(IF(ISERROR(SEARCH("-",P92))=TRUE,0,1)=1,IF(H92<>"",0,1),0) -> 0 | AC92: =IF(COUNTIFS(作業區!$W$2:$W$2000, T92, 作業區!$X$2:$X$2000, U92)>0, "已存在", "未擴充") -> 已存在
A93: =ROW(A93)-1 -> 92 | B93: 崩塌、山地洪流 | D93: 仁愛鄉互助村(投 80線 4.5K 處) | E93: 南投縣 | F93: 仁愛鄉 | G93: 互助村 | H93: 投縣DF005 | I93: 249008.9 | J93: 2664447.1 | K93: 248180 | L93: 2664653 | M93: 96 | N93: 0604豪雨 | O93: 39237.833 | P93: 南投 061左岸崩塌。 西寶農路過水路面毀損。(七二水災時發生) | R93: C1H900 | S93: 清流 | T93: 3.5 | U93: 77.9 | V93: 250 | W93: =IF(IF(ISERROR(SEARCH("-",P93))=TRUE,0,1)=1,IF(H93<>"",0,1),0) -> 0 | AC93: =IF(COUNTIFS(作業區!$W$2:$W$2000, T93, 作業區!$X$2:$X$2000, U93)>0, "已存在", "未擴充") -> 已存在
A94: =ROW(A94)-1 -> 93 | B94: 土石流 | D94: 南縣DF019 | E94: 臺南市 | F94: 東山區 | G94: 南勢里 | H94: 南市DF019 | I94: 196261.12 | J94: 2570462.5 | K94: 195432 | L94: 2570668 | M94: 97 | N94: 卡玫基颱風 | O94: 39647.792 | P94: 3戶民宅遭溢流河道之土石泥流侵入。 約 0.2公頃果園遭土石淤埋。 175縣道遭土石淤埋約 60公尺長，造成交通中斷。 房舍受損：3棟 道路毀損：約 60公尺。 | R94: C1X040 | S94: 東原 | T94: 48 | U94: 261 | V94: 500 | W94: =IF(IF(ISERROR(SEARCH("-",P94))=TRUE,0,1)=1,IF(H94<>"",0,1),0) -> 0 | AC94: =IF(COUNTIFS(作業區!$W$2:$W$2000, T94, 作業區!$X$2:$X$2000, U94)>0, "已存在", "未擴充") -> 已存在
A95: =ROW(A95)-1 -> 94 | B95: 土石流 | D95: 碧蓮寺處野溪 | E95: 臺南市 | F95: 東山區 | G95: 南勢里 | H95: 南市DF016 | I95: 196930.12 | J95: 2571655.5 | K95: 196101 | L95: 2571861 | M95: 97 | N95: 卡玫基颱風 | O95: 39647.792 | P95: 碧蓮寺旁野溪，因超大豪雨導致土石流，造成河道沖刷，淤埋農路、果園。 約 0.3公頃果園遭土石淤埋。 農路中斷毀損約 70公尺。 | R95: C1X041 | S95: 東原 | T95: 48 | U95: 261 | V95: 500 | W95: =IF(IF(ISERROR(SEARCH("-",P95))=TRUE,0,1)=1,IF(H95<>"",0,1),0) -> 0 | AC95: =IF(COUNTIFS(作業區!$W$2:$W$2000, T95, 作業區!$X$2:$X$2000, U95)>0, "已存在", "未擴充") -> 已存在
A96: =ROW(A96)-1 -> 95 | B96: 土石流 | D96: 灣丘村內野溪 | E96: 臺南市 | F96: 楠西區 | G96: 灣丘里 | H96: 南市DF035 | I96: 204502.09 | J96: 2563706.5 | K96: 203673 | L96: 2563912 | M96: 97 | N96: 卡玫基颱風 | O96: 39647 | P96: 3戶民宅遭溢流河道之土石泥流侵入。 溪流橋孔遭土石淤埋。 人命損失：0人 房舍受損：3棟 道路毀損：約 50公尺。 | R96: C1O920 | S96: 楠西 | T96: 91.5 | U96: 734.1 | V96: 550 | W96: =IF(IF(ISERROR(SEARCH("-",P96))=TRUE,0,1)=1,IF(H96<>"",0,1),0) -> 0 | AC96: =IF(COUNTIFS(作業區!$W$2:$W$2000, T96, 作業區!$X$2:$X$2000, U96)>0, "已存在", "未擴充") -> 已存在
A97: =ROW(A97)-1 -> 96 | B97: 土石流 | D97: 鐵谷山橋處野溪 | E97: 臺南市 | F97: 楠西區 | G97: 龜丹里 | H97: 南市DF033 | I97: 201448.1 | J97: 2558650.5 | K97: 200619 | L97: 2558856 | M97: 97 | N97: 卡玫基颱風 | O97: 39646.833 | P97: 溫泉橋護欄損毀。 大量土石淤積河道，果園淤埋。 溪流護岸部分毀損。 人命損失：0人 房舍受損：0棟。 | R97: C1O921 | S97: 楠西 | T97: 93 | U97: 374.9 | V97: — | W97: =IF(IF(ISERROR(SEARCH("-",P97))=TRUE,0,1)=1,IF(H97<>"",0,1),0) -> 0 | AC97: =IF(COUNTIFS(作業區!$W$2:$W$2000, T97, 作業區!$X$2:$X$2000, U97)>0, "已存在", "未擴充") -> 已存在
A98: =ROW(A98)-1 -> 97 | B98: 土石流 | D98: 77號後方山坡 | E98: 南投縣 | F98: 埔里鎮 | G98: 麒麟里 | H98: 投縣DF045 | I98: 248619.9 | J98: 2645429.2 | K98: 247791 | L98: 2645635 | M98: 97 | N98: 卡玫基颱風 | O98: 39647.167 | P98: 建築物損毀 1棟，淤埋 5棟。疏散 77-1號與 76號住戶 7人。1民眾受傷 | R98: C1I260 | S98: 北坑 | T98: 97 | U98: 415.8 | V98: 350 | W98: =IF(IF(ISERROR(SEARCH("-",P98))=TRUE,0,1)=1,IF(H98<>"",0,1),0) -> 0 | AC98: =IF(COUNTIFS(作業區!$W$2:$W$2000, T98, 作業區!$X$2:$X$2000, U98)>0, "已存在", "未擴充") -> 已存在
A99: =ROW(A99)-1 -> 98 | B99: 土石流 | D99: 投71線6.2~7.2K處 | E99: 南投縣 | F99: 埔里鎮 | G99: 麒麟里 | H99: 投縣DF050 | I99: 250828.9 | J99: 2645283.2 | K99: 250000 | L99: 2645489 | M99: 97 | N99: 卡玫基颱風 | O99: 39647.167 | P99: 東埔溪上游野溪土砂淤積河道及右岸投 71線，導致部份路段毀損，河道沿岸建物毀損。房屋受損：10棟。 人員傷亡：無。 | R99: C1I260 | S99: 北坑 | T99: 97 | U99: 415.8 | V99: 350 | W99: =IF(IF(ISERROR(SEARCH("-",P99))=TRUE,0,1)=1,IF(H99<>"",0,1),0) -> 0 | AC99: =IF(COUNTIFS(作業區!$W$2:$W$2000, T99, 作業區!$X$2:$X$2000, U99)>0, "已存在", "未擴充") -> 已存在
A100: =ROW(A100)-1 -> 99 | B100: 土石流 | D100: 投71線卓社隧道出口 | E100: 南投縣 | F100: 仁愛鄉 | G100: 法治村 | H100: 投縣DF026 | I100: 252971.89 | J100: 2645176.2 | K100: 252143 | L100: 2645382 | M100: 97 | N100: 卡玫基颱風 | O100: 39647.083 | P100: 卓社隧道出口處左側野溪發生土石流災害，堆積土方約 3萬方。卓社隧道出口處約 100m 處道路 邊坡野溪發生洪水沖刷坡面，土石堆積路面。無人員傷亡。現場已有機具進行土方清運。 | R100: C1I030 | S100: 武界 | T100: 40.5 | U100: 198.4 | V100: 250 | W100: =IF(IF(ISERROR(SEARCH("-",P100))=TRUE,0,1)=1,IF(H100<>"",0,1),0) -> 0 | AC100: =IF(COUNTIFS(作業區!$W$2:$W$2000, T100, 作業區!$X$2:$X$2000, U100)>0, "已存在", "未擴充") -> 已存在
A101: =ROW(A101)-1 -> 100 | B101: 土石流 | D101: 投63線潭南一號橋 | E101: 南投縣 | F101: 信義鄉 | G101: 潭南村 | H101: 投縣DF178 | I101: 244117.92 | J101: 2635950.2 | K101: 243289 | L101: 2636156 | M101: 97 | N101: 卡玫基颱風 | O101: 39647.083 | P101: 南投 022土石流潛勢溪流發生土石災害、阻斷投63線與潭南一號橋，並造成二棟房屋毀損。 房屋受損：2棟。 人員傷亡：無。 | R101: C1I150 | S101: 青雲 | T101: 109 | U101: 272.6 | V101: 250 | W101: =IF(IF(ISERROR(SEARCH("-",P101))=TRUE,0,1)=1,IF(H101<>"",0,1),0) -> 0 | AC101: =IF(COUNTIFS(作業區!$W$2:$W$2000, T101, 作業區!$X$2:$X$2000, U101)>0, "已存在", "未擴充") -> 已存在
A102: =ROW(A102)-1 -> 101 | B102: 洪水 | D102: 建山國小後側上游處 | E102: 高雄市 | F102: 桃源區 | G102: 建山里 | H102: 高市DF045 | I102: 217351.04 | J102: 2556058.6 | K102: 216522 | L102: 2556264 | M102: 97 | N102: 卡玫基颱風 | O102: 39647.083 | P102: 建山國小後方高雄 A027潛勢溪流爆發土石流，且因堵塞下游箱涵而造成洪水外溢，夾帶泥石漫淹至2鄰 57-1號民宅。 河道逕流與土石漫溢造游成5鄰8戶民宅後方坡地土石鬆散堆積。 人命損失：0人。 房舍受損：1棟。 道路毀損：50公尺。 | R102: C1V240 | S102: 新發 | T102: 34.5 | U102: 677.1 | V102: 450 | W102: =IF(IF(ISERROR(SEARCH("-",P102))=TRUE,0,1)=1,IF(H102<>"",0,1),0) -> 0 | AC102: =IF(COUNTIFS(作業區!$W$2:$W$2000, T102, 作業區!$X$2:$X$2000, U102)>0, "已存在", "未擴充") -> 已存在
A103: =ROW(A103)-1 -> 102 | B103: 土石流 | D103: 建國橋 | E103: 高雄市 | F103: 桃源區 | G103: 建山里 | I103: 218572.03 | J103: 2556136.6 | K103: 217743 | L103: 2556342 | M103: 97 | N103: 卡玫基颱風 | O103: 39647.125 | P103: 野溪上游因豪雨引發土石流，溪床沖刷深 1~3m，兩岸侵蝕約 5~50m不等，同時夾帶巨石造成建國橋及建山二橋毀損，農路建山巷沖毀約200m，台 20線及護岸沖毀約50m，幸未造成人員傷亡。 橋梁毀損：2座。 護岸毀損：50公尺。 道路毀損：250公尺。 | R103: C1V240 | S103: 新發 | T103: 33 | U103: 710.1 | V103: 450 | W103: =IF(IF(ISERROR(SEARCH("-",P103))=TRUE,0,1)=1,IF(H103<>"",0,1),0) -> 0 | AC103: =IF(COUNTIFS(作業區!$W$2:$W$2000, T103, 作業區!$X$2:$X$2000, U103)>0, "已存在", "未擴充") -> 已存在
A104: =ROW(A104)-1 -> 103 | B104: 土石流 | D104: 建山二橋 | E104: 高雄市 | F104: 桃源區 | G104: 建山里 | I104: 219053.03 | J104: 2555492.6 | K104: 218224 | L104: 2555698 | M104: 97 | N104: 卡玫基颱風 | O104: 39647.125 | P104: 野溪上游因豪雨引發土石流，溪床沖刷深 1~3m，兩岸侵蝕約 5~50m不等，同時夾帶巨石造成建國橋及建山二橋毀損，農路建山巷沖毀約200m，台 20線及護岸沖毀約50m，幸未造成人員傷亡。 橋梁毀損：2座。 護岸毀損：50公尺。 道路毀損：251公尺。 | R104: C1V241 | S104: 新發 | T104: 33 | U104: 710.1 | V104: 450 | W104: =IF(IF(ISERROR(SEARCH("-",P104))=TRUE,0,1)=1,IF(H104<>"",0,1),0) -> 0 | AC104: =IF(COUNTIFS(作業區!$W$2:$W$2000, T104, 作業區!$X$2:$X$2000, U104)>0, "已存在", "未擴充") -> 已存在
A105: =ROW(A105)-1 -> 104 | B105: 土石流 | D105: 高129 線3.2k處 | E105: 高雄市 | F105: 杉林區 | G105: 木梓里 | H105: 高市DF021 | I105: 202968.1 | J105: 2548834.6 | K105: 202139 | L105: 2549040 | M105: 97 | N105: 卡玫基颱風 | O105: 39646.958 | P105: 野溪上游大面積崩塌，大量土石淤積。 河道改變，護岸嚴重毀損。 道路及果園遭土石淤埋。 人命損失：0人 房舍受損：0棟 道路毀損：約 200公尺。 | R105: C1V260 | S105: 月眉 | T105: 66 | U105: 413.9 | V105: 500 | W105: =IF(IF(ISERROR(SEARCH("-",P105))=TRUE,0,1)=1,IF(H105<>"",0,1),0) -> 0 | AC105: =IF(COUNTIFS(作業區!$W$2:$W$2000, T105, 作業區!$X$2:$X$2000, U105)>0, "已存在", "未擴充") -> 已存在
...

Sheet 作業區
A1: 縣市 | B1: 鄉鎮區 | C1: 村里 | D1: 發生地點 | E1: 代表地標 | F1: 溪流型態(陳天健) | G1: 年度 | H1: 事件 | I1: 發生時間 | J1: 發生次數 | K1: 再發生時間間隔 | L1: 崩塌面積_災前 | M1: 崩塌面積_災後 | N1: 崩塌率_災前 | O1: 崩塌率_災後 | P1: 地震影響 | Q1: 發生次數(排除地震) | R1: 再發生時間間隔(排除地震) | S1: 警戒基準值 (mm) | T1: 觀測雨量站站號 | U1: 觀測雨量站站名 | V1: 事件總雨量 | W1: 發生降雨強度 | X1: 有效累積雨量 | Y1: 發生3小時 | Z1: 發生6小時 | AA1: 發生12小時 | AB1: 發生24小時 | AC1: 發生1hr重現期(年) | AD1: 發生3hr重現期(年) | AE1: 發生6hr重現期(年) | AF1: 發生12hr重現期(年) | AG1: 發生24hr重現期(年) | AH1: 雨場最大1小時 | AI1: 雨場最大3小時 | AJ1: 雨場最大6小時 | AK1: 雨場前最大12小時 | AL1: 雨場最大24小時 | AM1: 雨場1hr重現期(年) | AN1: 雨場3hr重現期(年) | AO1: 雨場6hr重現期(年) | AP1: 雨場12hr重現期(年) | AQ1: 雨場24hr重現期(年) | AR1: 發生降雨延時 | AS1: 崩塌面積 | AT1: 降雨強度 | AU1: 有效降雨量 | AV1: 類型
A2: 宜蘭縣 | B2: 南澳鄉 | C2: 碧候村 | D2: 宜縣DF146 | F2: 溪流型 | G2: 101 | H2: 蘇拉颱風 | I2: 41123.083 | J2: 1 | L2: 0.565 | M2: =IF(SUMIFS(水保局全省災害資料!$X:$X, 水保局全省災害資料!$E:$E, A2, 水保局全省災害資料!$F:$F, B2, 水保局全省災害資料!$N:$N, H2)=0, "", SUMIFS(水保局全省災害資料!$X:$X, 水保局全省災害資料!$E:$E, A2, 水保局全省災害資料!$F:$F, B2, 水保局全省災害資料!$N:$N, H2)) | N2: 0.30146196 | O2: 3.0599723 | P2: 否 | Q2: 1 | S2: 450 | T2: C0U770 | U2: 南澳 | V2: 878.5 | W2: 74.5 | X2: 668.9 | Y2: 158 | Z2: 259 | AA2: 333 | AB2: 442.5 | AC2: 2年 | AD2: 5年 | AE2: 10年 | AF2: 5年 | AG2: 5年 | AH2: 74.5 | AI2: 178 | AJ2: 300 | AK2: 433 | AL2: 582.5 | AM2: 2年 | AN2: 10年 | AO2: 25年 | AP2: 50年 | AQ2: 50年 | AR2: 59 | AS2: =IFERROR(INDEX(水保局全省災害資料!$X$2:$X$2000, MATCH(1, INDEX((水保局全省災害資料!$T$2:$T$2000=W2)*(水保局全省災害資料!$U$2:$U$2000=X2), 0, 1), 0)), "") -> 0 | AT2: =IFERROR(INDEX(水保局全省災害資料!$T$2:$T$2000, MATCH(1, INDEX((水保局全省災害資料!$T$2:$T$2000=W2)*(水保局全省災害資料!$U$2:$U$2000=X2), 0, 1), 0)), "") -> 74.5 | AU2: =IFERROR(INDEX(水保局全省災害資料!$U$2:$U$2000, MATCH(1, INDEX((水保局全省災害資料!$T$2:$T$2000=W2)*(水保局全省災害資料!$U$2:$U$2000=X2), 0, 1), 0)), "") -> 668.9 | AV2: =IFERROR(INDEX(水保局全省災害資料!$B$2:$B$2000, MATCH(1, INDEX((水保局全省災害資料!$T$2:$T$2000=W2)*(水保局全省災害資料!$U$2:$U$2000=X2), 0, 1), 0)), "") -> 土石流
A3: 宜蘭縣 | B3: 南澳鄉 | C3: 碧候村 | D3: 宜縣DF146 | F3: 溪流型 | G3: 113 | H3: 凱米颱風 | I3: 45498.042 | J3: 2 | K3: 11.986187 | L3: 0 | M3: =IF(SUMIFS(水保局全省災害資料!$X:$X, 水保局全省災害資料!$E:$E, A3, 水保局全省災害資料!$F:$F, B3, 水保局全省災害資料!$N:$N, H3)=0, "", SUMIFS(水保局全省災害資料!$X:$X, 水保局全省災害資料!$E:$E, A3, 水保局全省災害資料!$F:$F, B3, 水保局全省災害資料!$N:$N, H3)) | N3: 0 | O3: 2.4917298 | P3: 是 | S3: 400 | T3: 81U860 | U3: 金岳國小 | V3: 810 | W3: 53.5 | X3: 742.2 | Y3: 82.5 | Z3: 133 | AA3: 519.5 | AB3: 707 | AC3: <2 | AD3: <2 | AE3: <2 | AF3: 200年 | AG3: 200年 | AH3: 95.5 | AI3: 266 | AJ3: 392 | AK3: 524 | AL3: 707 | AM3: 10年 | AN3: 200年 | AO3: 200年 | AP3: 200年 | AQ3: 200年 | AR3: 39 | AS3: =IFERROR(INDEX(水保局全省災害資料!$X$2:$X$2000, MATCH(1, INDEX((水保局全省災害資料!$T$2:$T$2000=W3)*(水保局全省災害資料!$U$2:$U$2000=X3), 0, 1), 0)), "") -> 0 | AT3: =IFERROR(INDEX(水保局全省災害資料!$T$2:$T$2000, MATCH(1, INDEX((水保局全省災害資料!$T$2:$T$2000=W3)*(水保局全省災害資料!$U$2:$U$2000=X3), 0, 1), 0)), "") -> 53.5 | AU3: =IFERROR(INDEX(水保局全省災害資料!$U$2:$U$2000, MATCH(1, INDEX((水保局全省災害資料!$T$2:$T$2000=W3)*(水保局全省災害資料!$U$2:$U$2000=X3), 0, 1), 0)), "") -> 742.2 | AV3: =IFERROR(INDEX(水保局全省災害資料!$B$2:$B$2000, MATCH(1, INDEX((水保局全省災害資料!$T$2:$T$2000=W3)*(水保局全省災害資料!$U$2:$U$2000=X3), 0, 1), 0)), "") -> 土石流
A4: 南投縣 | B4: 仁愛鄉 | C4: 南豐村 | D4: 投縣DF011 | F4: 溪流型 | G4: 97 | H4: 辛樂克颱風 | I4: 39706.208 | J4: 3 | K4: 4.2060502 | L4: 0 | M4: =IF(SUMIFS(水保局全省災害資料!$X:$X, 水保局全省災害資料!$E:$E, A4, 水保局全省災害資料!$F:$F, B4, 水保局全省災害資料!$N:$N, H4)=0, "", SUMIFS(水保局全省災害資料!$X:$X, 水保局全省災害資料!$E:$E, A4, 水保局全省災害資料!$F:$F, B4, 水保局全省災害資料!$N:$N, H4)) | N4: 0 | O4: 0 | P4: 否 | Q4: 1 | S4: 250 | T4: C1I330 | U4: 楓樹林 | V4: 1211 | W4: 44.5 | X4: 737.4 | Y4: 104 | Z4: 157.5 | AA4: 264 | AB4: 640 | AC4: <2 | AD4: <2 | AE4: <2 | AF4: 2年 | AG4: 50年 | AH4: 69.5 | AI4: 186 | AJ4: 341 | AK4: 582.5 | AL4: 838.5 | AM4: 2年 | AN4: 10年 | AO4: 100年 | AP4: 200年 | AQ4: 200年 | AR4: 35 | AS4: =IFERROR(INDEX(水保局全省災害資料!$X$2:$X$2000, MATCH(1, INDEX((水保局全省災害資料!$T$2:$T$2000=W4)*(水保局全省災害資料!$U$2:$U$2000=X4), 0, 1), 0)), "") -> 0 | AT4: =IFERROR(INDEX(水保局全省災害資料!$T$2:$T$2000, MATCH(1, INDEX((水保局全省災害資料!$T$2:$T$2000=W4)*(水保局全省災害資料!$U$2:$U$2000=X4), 0, 1), 0)), "") -> 44.5 | AU4: =IFERROR(INDEX(水保局全省災害資料!$U$2:$U$2000, MATCH(1, INDEX((水保局全省災害資料!$T$2:$T$2000=W4)*(水保局全省災害資料!$U$2:$U$2000=X4), 0, 1), 0)), "") -> 737.4 | AV4: =IFERROR(INDEX(水保局全省災害資料!$B$2:$B$2000, MATCH(1, INDEX((水保局全省災害資料!$T$2:$T$2000=W4)*(水保局全省災害資料!$U$2:$U$2000=X4), 0, 1), 0)), "") -> 土石流
A5: 南投縣 | B5: 仁愛鄉 | C5: 南豐村 | D5: 投縣DF011 | F5: 溪流型 | G5: 112 | H5: 卡努颱風 | I5: 45142.708 | J5: 4 | K5: 14.894521 | L5: 0 | M5: =IF(SUMIFS(水保局全省災害資料!$X:$X, 水保局全省災害資料!$E:$E, A5, 水保局全省災害資料!$F:$F, B5, 水保局全省災害資料!$N:$N, H5)=0, "", SUMIFS(水保局全省災害資料!$X:$X, 水保局全省災害資料!$E:$E, A5, 水保局全省災害資料!$F:$F, B5, 水保局全省災害資料!$N:$N, H5)) -> 7.0375 | N5: 0 | O5: 0.50539084 | P5: 否 | Q5: 2 | R5: 14.894521 | S5: 300 | T5: 88H890 | U5: 南豐 | V5: 864 | W5: 112 | X5: 782 | Y5: 225 | Z5: 384 | AA5: 542 | AB5: 783.5 | AC5: 100年 | AD5: 100年 | AE5: 200年 | AF5: 200年 | AG5: 200年 | AH5: 112.5 | AI5: 225 | AJ5: 384 | AK5: 542 | AL5: 783.5 | AM5: 100年 | AN5: 100年 | AO5: 200年 | AP5: 200年 | AQ5: 200年 | AR5: 39 | AS5: =IFERROR(INDEX(水保局全省災害資料!$X$2:$X$2000, MATCH(1, INDEX((水保局全省災害資料!$T$2:$T$2000=W5)*(水保局全省災害資料!$U$2:$U$2000=X5), 0, 1), 0)), "") -> 0.3 | AT5: =IFERROR(INDEX(水保局全省災害資料!$T$2:$T$2000, MATCH(1, INDEX((水保局全省災害資料!$T$2:$T$2000=W5)*(水保局全省災害資料!$U$2:$U$2000=X5), 0, 1), 0)), "") -> 112 | AU5: =IFERROR(INDEX(水保局全省災害資料!$U$2:$U$2000, MATCH(1, INDEX((水保局全省災害資料!$T$2:$T$2000=W5)*(水保局全省災害資料!$U$2:$U$2000=X5), 0, 1), 0)), "") -> 782 | AV5: =IFERROR(INDEX(水保局全省災害資料!$B$2:$B$2000, MATCH(1, INDEX((水保局全省災害資料!$T$2:$T$2000=W5)*(水保局全省災害資料!$U$2:$U$2000=X5), 0, 1), 0)), "") -> 土石流
A6: 南投縣 | B6: 仁愛鄉 | C6: 南豐村 | D6: 投縣DF013 | E6: 聖本篤加油站 | F6: 溪流型 | G6: 97 | H6: 辛樂克颱風 | I6: 39706.333 | J6: 3 | K6: 4.2063927 | L6: 0 | M6: =IF(SUMIFS(水保局全省災害資料!$X:$X, 水保局全省災害資料!$E:$E, A6, 水保局全省災害資料!$F:$F, B6, 水保局全省災害資料!$N:$N, H6)=0, "", SUMIFS(水保局全省災害資料!$X:$X, 水保局全省災害資料!$E:$E, A6, 水保局全省災害資料!$F:$F, B6, 水保局全省災害資料!$N:$N, H6)) | N6: 0 | O6: 0.23443605 | P6: 否 | Q6: 1 | S6: 300 | T6: C1I330 | U6: 楓樹林 | V6: 1211 | W6: 55.5 | X6: 917.8 | Y6: 186 | Z6: 290 | AA6: 377 | AB6: 762 | AC6: <2 | AD6: 10年 | AE6: 25年 | AF6: 10年 | AG6: 200年 | AH6: 69.5 | AI6: 186 | AJ6: 341 | AK6: 582.5 | AL6: 838.5 | AM6: 2年 | AN6: 10年 | AO6: 100年 | AP6: 200年 | AQ6: 200年 | AR6: 38 | AS6: =IFERROR(INDEX(水保局全省災害資料!$X$2:$X$2000, MATCH(1, INDEX((水保局全省災害資料!$T$2:$T$2000=W6)*(水保局全省災害資料!$U$2:$U$2000=X6), 0, 1), 0)), "") -> 0 | AT6: =IFERROR(INDEX(水保局全省災害資料!$T$2:$T$2000, MATCH(1, INDEX((水保局全省災害資料!$T$2:$T$2000=W6)*(水保局全省災害資料!$U$2:$U$2000=X6), 0, 1), 0)), "") -> 55.5 | AU6: =IFERROR(INDEX(水保局全省災害資料!$U$2:$U$2000, MATCH(1, INDEX((水保局全省災害資料!$T$2:$T$2000=W6)*(水保局全省災害資料!$U$2:$U$2000=X6), 0, 1), 0)), "") -> 917.8 | AV6: =IFERROR(INDEX(水保局全省災害資料!$B$2:$B$2000, MATCH(1, INDEX((水保局全省災害資料!$T$2:$T$2000=W6)*(水保局全省災害資料!$U$2:$U$2000=X6), 0, 1), 0)), "") -> 土石流
A7: 南投縣 | B7: 仁愛鄉 | C7: 南豐村 | D7: 投縣DF013 | E7: 聖本篤加油站 | F7: 溪流型 | G7: 112 | H7: 卡努颱風 | I7: 45142.625 | J7: 4 | K7: 14.89395 | L7: 0 | M7: =IF(SUMIFS(水保局全省災害資料!$X:$X, 水保局全省災害資料!$E:$E, A7, 水保局全省災害資料!$F:$F, B7, 水保局全省災害資料!$N:$N, H7)=0, "", SUMIFS(水保局全省災害資料!$X:$X, 水保局全省災害資料!$E:$E, A7, 水保局全省災害資料!$F:$F, B7, 水保局全省災害資料!$N:$N, H7)) -> 7.0375 | N7: 0 | O7: 0 | P7: 否 | Q7: 2 | R7: 14.89395 | S7: 300 | T7: 88H890 | U7: 南豐 | V7: 864 | W7: 49 | X7: 648 | Y7: 115 | Z7: 260.5 | AA7: 425.5 | AB7: 628 | AC7: <2 | AD7: <2 | AE7: 25年 | AF7: 100年 | AG7: 200年 | AH7: 112.5 | AI7: 225 | AJ7: 384 | AK7: 542 | AL7: 783.5 | AM7: 100年 | AN7: 100年 | AO7: 200年 | AP7: 200年 | AQ7: 200年 | AR7: 37 | AS7: =IFERROR(INDEX(水保局全省災害資料!$X$2:$X$2000, MATCH(1, INDEX((水保局全省災害資料!$T$2:$T$2000=W7)*(水保局全省災害資料!$U$2:$U$2000=X7), 0, 1), 0)), "") -> - | AT7: =IFERROR(INDEX(水保局全省災害資料!$T$2:$T$2000, MATCH(1, INDEX((水保局全省災害資料!$T$2:$T$2000=W7)*(水保局全省災害資料!$U$2:$U$2000=X7), 0, 1), 0)), "") -> 49 | AU7: =IFERROR(INDEX(水保局全省災害資料!$U$2:$U$2000, MATCH(1, INDEX((水保局全省災害資料!$T$2:$T$2000=W7)*(水保局全省災害資料!$U$2:$U$2000=X7), 0, 1), 0)), "") -> 648 | AV7: =IFERROR(INDEX(水保局全省災害資料!$B$2:$B$2000, MATCH(1, INDEX((水保局全省災害資料!$T$2:$T$2000=W7)*(水保局全省災害資料!$U$2:$U$2000=X7), 0, 1), 0)), "") -> 土石流
A8: 南投縣 | B8: 仁愛鄉 | C8: 春陽村 | D8: 投縣DF030 | F8: 溪流型 | G8: 112 | H8: 卡努颱風 | I8: 45143.417 | J8: 2 | K8: 18.056393 | L8: 0 | M8: =IF(SUMIFS(水保局全省災害資料!$X:$X, 水保局全省災害資料!$E:$E, A8, 水保局全省災害資料!$F:$F, B8, 水保局全省災害資料!$N:$N, H8)=0, "", SUMIFS(水保局全省災害資料!$X:$X, 水保局全省災害資料!$E:$E, A8, 水保局全省災害資料!$F:$F, B8, 水保局全省災害資料!$N:$N, H8)) -> 7.0375 | N8: 0 | O8: 0.12039731 | P8: 否 | Q8: 2 | R8: 18.056393 | S8: 300 | T8: C0I010 | U8: 廬山 | V8: 792.5 | W8: 6 | X8: 695 | Y8: 34.5 | Z8: 34.5 | AA8: 46 | AB8: 445 | AC8: <2 | AD8: <2 | AE8: <2 | AF8: <2 | AG8: 5年 | AH8: 89.5 | AI8: 247 | AJ8: 334.5 | AK8: 529.5 | AL8: 710 | AM8: 10年 | AN8: 100年 | AO8: 100年 | AP8: 200年 | AQ8: 200年 | AR8: 42 | AS8: =IFERROR(INDEX(水保局全省災害資料!$X$2:$X$2000, MATCH(1, INDEX((水保局全省災害資料!$T$2:$T$2000=W8)*(水保局全省災害資料!$U$2:$U$2000=X8), 0, 1), 0)), "") -> 0.12 | AT8: =IFERROR(INDEX(水保局全省災害資料!$T$2:$T$2000, MATCH(1, INDEX((水保局全省災害資料!$T$2:$T$2000=W8)*(水保局全省災害資料!$U$2:$U$2000=X8), 0, 1), 0)), "") -> 6 | AU8: =IFERROR(INDEX(水保局全省災害資料!$U$2:$U$2000, MATCH(1, INDEX((水保局全省災害資料!$T$2:$T$2000=W8)*(水保局全省災害資料!$U$2:$U$2000=X8), 0, 1), 0)), "") -> 695 | AV8: =IFERROR(INDEX(水保局全省災害資料!$B$2:$B$2000, MATCH(1, INDEX((水保局全省災害資料!$T$2:$T$2000=W8)*(水保局全省災害資料!$U$2:$U$2000=X8), 0, 1), 0)), "") -> 土石流 、崩塌 (山崩 )
A9: 南投縣 | B9: 水里鄉 | C9: 上安村 | D9: 投縣DF165 | E9: 三部坑溪 | F9: 溪流型 | G9: 95 | H9: 0609豪雨 | I9: 38878.5 | J9: 4 | K9: 0.84657534 | L9: 1.63 | M9: =IF(SUMIFS(水保局全省災害資料!$X:$X, 水保局全省災害資料!$E:$E, A9, 水保局全省災害資料!$F:$F, B9, 水保局全省災害資料!$N:$N, H9)=0, "", SUMIFS(水保局全省災害資料!$X:$X, 水保局全省災害資料!$E:$E, A9, 水保局全省災害資料!$F:$F, B9, 水保局全省災害資料!$N:$N, H9)) | N9: 0.47890469 | O9: 1.4690328 | P9: 否 | Q9: 2 | R9: 0.84657534 | S9: 200 | T9: C1I160 | U9: 龍神橋 | V9: 445.5 | W9: 3.5 | X9: 401.6 | Y9: 24 | Z9: 93 | AA9: 138 | AB9: 263 | AC9: <2 | AD9: <2 | AE9: <2 | AF9: <2 | AG9: <2 | AH9: 41 | AI9: 83 | AJ9: 139 | AK9: 196.5 | AL9: 309 | AM9: <2 | AN9: <2 | AO9: <2 | AP9: <2 | AQ9: 2年 | AR9: 33 | AS9: =IFERROR(INDEX(水保局全省災害資料!$X$2:$X$2000, MATCH(1, INDEX((水保局全省災害資料!$T$2:$T$2000=W9)*(水保局全省災害資料!$U$2:$U$2000=X9), 0, 1), 0)), "") -> 0 | AT9: =IFERROR(INDEX(水保局全省災害資料!$T$2:$T$2000, MATCH(1, INDEX((水保局全省災害資料!$T$2:$T$2000=W9)*(水保局全省災害資料!$U$2:$U$2000=X9), 0, 1), 0)), "") -> 3.5 | AU9: =IFERROR(INDEX(水保局全省災害資料!$U$2:$U$2000, MATCH(1, INDEX((水保局全省災害資料!$T$2:$T$2000=W9)*(水保局全省災害資料!$U$2:$U$2000=X9), 0, 1), 0)), "") -> 401.6 | AV9: =IFERROR(INDEX(水保局全省災害資料!$B$2:$B$2000, MATCH(1, INDEX((水保局全省災害資料!$T$2:$T$2000=W9)*(水保局全省災害資料!$U$2:$U$2000=X9), 0, 1), 0)), "") -> 土石流
A10: 南投縣 | B10: 信義鄉 | C10: 潭南村 | D10: 投縣DF178 | E10: 潭南一號橋 | F10: 溪流型 | G10: 97 | H10: 卡玫基颱風 | I10: 39647.083 | J10: 2 | K10: 6.9721461 | L10: 0 | M10: =IF(SUMIFS(水保局全省災害資料!$X:$X, 水保局全省災害資料!$E:$E, A10, 水保局全省災害資料!$F:$F, B10, 水保局全省災害資料!$N:$N, H10)=0, "", SUMIFS(水保局全省災害資料!$X:$X, 水保局全省災害資料!$E:$E, A10, 水保局全省災害資料!$F:$F, B10, 水保局全省災害資料!$N:$N, H10)) | N10: 0 | O10: 0.51039556 | P10: 否 | Q10: 1 | S10: 250 | T10: C1I150 | U10: 青雲 | V10: 404 | W10: 109 | X10: 272.6 | Y10: 212.5 | Z10: 234 | AA10: 242 | AB10: 242 | AC10: 50年 | AD10: 50年 | AE10: 10年 | AF10: 2年 | AG10: <2 | AH10: 108 | AI10: 222.5 | AJ10: 309 | AK10: 376 | AL10: 404 | AM10: 50年 | AN10: 100年 | AO10: 50年 | AP10: 25年 | AQ10: 5年 | AR10: 11 | AS10: =IFERROR(INDEX(水保局全省災害資料!$X$2:$X$2000, MATCH(1, INDEX((水保局全省災害資料!$T$2:$T$2000=W10)*(水保局全省災害資料!$U$2:$U$2000=X10), 0, 1), 0)), "") -> 0 | AT10: =IFERROR(INDEX(水保局全省災害資料!$T$2:$T$2000, MATCH(1, INDEX((水保局全省災害資料!$T$2:$T$2000=W10)*(水保局全省災害資料!$U$2:$U$2000=X10), 0, 1), 0)), "") -> 109 | AU10: =IFERROR(INDEX(水保局全省災害資料!$U$2:$U$2000, MATCH(1, INDEX((水保局全省災害資料!$T$2:$T$2000=W10)*(水保局全省災害資料!$U$2:$U$2000=X10), 0, 1), 0)), "") -> 272.6 | AV10: =IFERROR(INDEX(水保局全省災害資料!$B$2:$B$2000, MATCH(1, INDEX((水保局全省災害資料!$T$2:$T$2000=W10)*(水保局全省災害資料!$U$2:$U$2000=X10), 0, 1), 0)), "") -> 土石流
A11: 南投縣 | B11: 信義鄉 | C11: 明德村 | D11: 投縣DF187 | F11: 坡面型 | G11: 113 | H11: 凱米颱風 | I11: 45498.125 | J11: 2 | K11: 23.002283 | L11: 0 | M11: =IF(SUMIFS(水保局全省災害資料!$X:$X, 水保局全省災害資料!$E:$E, A11, 水保局全省災害資料!$F:$F, B11, 水保局全省災害資料!$N:$N, H11)=0, "", SUMIFS(水保局全省災害資料!$X:$X, 水保局全省災害資料!$E:$E, A11, 水保局全省災害資料!$F:$F, B11, 水保局全省災害資料!$N:$N, H11)) | N11: 0 | O11: 0 | P11: 否 | Q11: 1 | S11: 300 | T11: C0I080 | U11: 信義 | V11: 613.5 | W11: 52.5 | X11: 336.5 | Y11: 148 | Z11: 193.5 | AA11: 297 | AB11: 337.5 | AC11: <2 | AD11: 5年 | AE11: 5年 | AF11: 10年 | AG11: 2年 | AH11: 53 | AI11: 148.5 | AJ11: 231 | AK11: 332.5 | AL11: 526.5 | AM11: <2 | AN11: 5年 | AO11: 10年 | AP11: 25年 | AQ11: 100年 | AR11: 38 | AS11: =IFERROR(INDEX(水保局全省災害資料!$X$2:$X$2000, MATCH(1, INDEX((水保局全省災害資料!$T$2:$T$2000=W11)*(水保局全省災害資料!$U$2:$U$2000=X11), 0, 1), 0)), "") -> 0 | AT11: =IFERROR(INDEX(水保局全省災害資料!$T$2:$T$2000, MATCH(1, INDEX((水保局全省災害資料!$T$2:$T$2000=W11)*(水保局全省災害資料!$U$2:$U$2000=X11), 0, 1), 0)), "") -> 52.5 | AU11: =IFERROR(INDEX(水保局全省災害資料!$U$2:$U$2000, MATCH(1, INDEX((水保局全省災害資料!$T$2:$T$2000=W11)*(水保局全省災害資料!$U$2:$U$2000=X11), 0, 1), 0)), "") -> 336.5 | AV11: =IFERROR(INDEX(水保局全省災害資料!$B$2:$B$2000, MATCH(1, INDEX((水保局全省災害資料!$T$2:$T$2000=W11)*(水保局全省災害資料!$U$2:$U$2000=X11), 0, 1), 0)), "") -> 土石流
A12: 南投縣 | B12: 信義鄉 | C12: 豐丘村 | D12: 投縣DF189 | E12: 豐丘明隧道 | F12: 溪流型 | G12: 97 | H12: 辛樂克颱風 | I12: 39706.792 | J12: 3 | K12: 7.1364155 | L12: 0.84 | M12: =IF(SUMIFS(水保局全省災害資料!$X:$X, 水保局全省災害資料!$E:$E, A12, 水保局全省災害資料!$F:$F, B12, 水保局全省災害資料!$N:$N, H12)=0, "", SUMIFS(水保局全省災害資料!$X:$X, 水保局全省災害資料!$E:$E, A12, 水保局全省災害資料!$F:$F, B12, 水保局全省災害資料!$N:$N, H12)) | N12: 0.44766574 | O12: 0.30910254 | P12: 否 | Q12: 1 | S12: 250 | T12: C1I080 | U12: 信義 | V12: 598 | W12: 2.5 | X12: 552.5 | Y12: 6 | Z12: 12 | AA12: 30.5 | AB12: 30.5 | AC12: <2 | AD12: <2 | AE12: <2 | AF12: <2 | AG12: <2 | AH12: 43 | AI12: 118 | AJ12: 197 | AK12: 296.5 | AL12: 475 | AM12: <2 | AN12: 2年 | AO12: 5年 | AP12: 10年 | AQ12: 25年 | AR12: 38 | AS12: =IFERROR(INDEX(水保局全省災害資料!$X$2:$X$2000, MATCH(1, INDEX((水保局全省災害資料!$T$2:$T$2000=W12)*(水保局全省災害資料!$U$2:$U$2000=X12), 0, 1), 0)), "") -> 0 | AT12: =IFERROR(INDEX(水保局全省災害資料!$T$2:$T$2000, MATCH(1, INDEX((水保局全省災害資料!$T$2:$T$2000=W12)*(水保局全省災害資料!$U$2:$U$2000=X12), 0, 1), 0)), "") -> 2.5 | AU12: =IFERROR(INDEX(水保局全省災害資料!$U$2:$U$2000, MATCH(1, INDEX((水保局全省災害資料!$T$2:$T$2000=W12)*(水保局全省災害資料!$U$2:$U$2000=X12), 0, 1), 0)), "") -> 552.5 | AV12: =IFERROR(INDEX(水保局全省災害資料!$B$2:$B$2000, MATCH(1, INDEX((水保局全省災害資料!$T$2:$T$2000=W12)*(水保局全省災害資料!$U$2:$U$2000=X12), 0, 1), 0)), "") -> 土石流、崩塌
A13: 南投縣 | B13: 信義鄉 | C13: 豐丘村 | D13: 投縣DF190 | E13: 豐丘 | F13: 溪流型 | G13: 101 | H13: 0504豪雨 | I13: 41032.667 | J13: 3 | K13: 10.76895 | L13: 1.62 | M13: =IF(SUMIFS(水保局全省災害資料!$X:$X, 水保局全省災害資料!$E:$E, A13, 水保局全省災害資料!$F:$F, B13, 水保局全省災害資料!$N:$N, H13)=0, "", SUMIFS(水保局全省災害資料!$X:$X, 水保局全省災害資料!$E:$E, A13, 水保局全省災害資料!$F:$F, B13, 水保局全省災害資料!$N:$N, H13)) | N13: 1.0074 | O13: 1.3245445 | P13: 否 | Q13: 1 | S13: 250 | T13: C1I290 | U13: 豐丘 | V13: 138 | W13: 38.5 | X13: 121.4 | Y13: 92 | Z13: 138 | AA13: 138 | AB13: 138 | AC13: <2 | AD13: <2 | AE13: <2 | AF13: <2 | AG13: <2 | AH13: 46.5 | AI13: 92 | AJ13: 138 | AK13: 138 | AL13: 138 | AM13: <2 | AN13: <2 | AO13: <2 | AP13: <2 | AQ13: <2 | AR13: 138 | AS13: =IFERROR(INDEX(水保局全省災害資料!$X$2:$X$2000, MATCH(1, INDEX((水保局全省災害資料!$T$2:$T$2000=W13)*(水保局全省災害資料!$U$2:$U$2000=X13), 0, 1), 0)), "") -> 0 | AT13: =IFERROR(INDEX(水保局全省災害資料!$T$2:$T$2000, MATCH(1, INDEX((水保局全省災害資料!$T$2:$T$2000=W13)*(水保局全省災害資料!$U$2:$U$2000=X13), 0, 1), 0)), "") -> 38.5 | AU13: =IFERROR(INDEX(水保局全省災害資料!$U$2:$U$2000, MATCH(1, INDEX((水保局全省災害資料!$T$2:$T$2000=W13)*(水保局全省災害資料!$U$2:$U$2000=X13), 0, 1), 0)), "") -> 121.4 | AV13: =IFERROR(INDEX(水保局全省災害資料!$B$2:$B$2000, MATCH(1, INDEX((水保局全省災害資料!$T$2:$T$2000=W13)*(水保局全省災害資料!$U$2:$U$2000=X13), 0, 1), 0)), "") -> 土石流
A14: 南投縣 | B14: 信義鄉 | C14: 神木村 | D14: 投縣DF199 | E14: 出水溪 | F14: 溪流型 | G14: 98 | H14: 莫拉克颱風 | I14: 40033.625 | J14: 6 | K14: 5.1058219 | L14: 57.6 | M14: =IF(SUMIFS(水保局全省災害資料!$X:$X, 水保局全省災害資料!$E:$E, A14, 水保局全省災害資料!$F:$F, B14, 水保局全省災害資料!$N:$N, H14)=0, "", SUMIFS(水保局全省災害資料!$X:$X, 水保局全省災害資料!$E:$E, A14, 水保局全省災害資料!$F:$F, B14, 水保局全省災害資料!$N:$N, H14)) | N14: 6.8166487 | O14: 8.6687416 | P14: 否 | Q14: 1 | S14: 250 | T14: C0H9A0 | U14: 神木村 | V14: 1919 | W14: 34 | X14: 576.1 | Y14: 91.5 | Z14: 152 | AA14: 289.5 | AB14: 423 | AC14: <2 | AD14: <2 | AE14: <2 | AF14: 2年 | AG14: 2年 | AH14: 95 | AI14: 255.5 | AJ14: 392 | AK14: 653 | AL14: 1138.5 | AM14: 10年 | AN14: 100年 | AO14: 200年 | AP14: 200年 | AQ14: 200年 | AR14: 39 | AS14: =IFERROR(INDEX(水保局全省災害資料!$X$2:$X$2000, MATCH(1, INDEX((水保局全省災害資料!$T$2:$T$2000=W14)*(水保局全省災害資料!$U$2:$U$2000=X14), 0, 1), 0)), "") -> 0 | AT14: =IFERROR(INDEX(水保局全省災害資料!$T$2:$T$2000, MATCH(1, INDEX((水保局全省災害資料!$T$2:$T$2000=W14)*(水保局全省災害資料!$U$2:$U$2000=X14), 0, 1), 0)), "") -> 34 | AU14: =IFERROR(INDEX(水保局全省災害資料!$U$2:$U$2000, MATCH(1, INDEX((水保局全省災害資料!$T$2:$T$2000=W14)*(水保局全省災害資料!$U$2:$U$2000=X14), 0, 1), 0)), "") -> 576.1 | AV14: =IFERROR(INDEX(水保局全省災害資料!$B$2:$B$2000, MATCH(1, INDEX((水保局全省災害資料!$T$2:$T$2000=W14)*(水保局全省災害資料!$U$2:$U$2000=X14), 0, 1), 0)), "") -> 土石流
A15: 南投縣 | B15: 信義鄉 | C15: 神木村 | D15: 投縣DF200 | E15: 舊愛玉橋 | F15: 溪流型 | G15: 98 | H15: 莫拉克颱風 | I15: 40033.875 | J15: 2 | K15: 8.0317352 | L15: 0 | M15: =IF(SUMIFS(水保局全省災害資料!$X:$X, 水保局全省災害資料!$E:$E, A15, 水保局全省災害資料!$F:$F, B15, 水保局全省災害資料!$N:$N, H15)=0, "", SUMIFS(水保局全省災害資料!$X:$X, 水保局全省災害資料!$E:$E, A15, 水保局全省災害資料!$F:$F, B15, 水保局全省災害資料!$N:$N, H15)) | N15: 0 | O15: 1.4848035 | P15: 否 | Q15: 1 | S15: 250 | T15: C0H9A0 | U15: 神木村 | V15: 1919 | W15: 38 | X15: 786.9 | Y15: 122.5 | Z15: 240.5 | AA15: 392.5 | AB15: 604.5 | AC15: <2 | AD15: <2 | AE15: 5年 | AF15: 10年 | AG15: 25年 | AH15: 95 | AI15: 255.5 | AJ15: 392 | AK15: 653 | AL15: 1138.5 | AM15: 10年 | AN15: 100年 | AO15: 200年 | AP15: 200年 | AQ15: 200年 | AR15: 45 | AS15: =IFERROR(INDEX(水保局全省災害資料!$X$2:$X$2000, MATCH(1, INDEX((水保局全省災害資料!$T$2:$T$2000=W15)*(水保局全省災害資料!$U$2:$U$2000=X15), 0, 1), 0)), "") -> 0 | AT15: =IFERROR(INDEX(水保局全省災害資料!$T$2:$T$2000, MATCH(1, INDEX((水保局全省災害資料!$T$2:$T$2000=W15)*(水保局全省災害資料!$U$2:$U$2000=X15), 0, 1), 0)), "") -> 38 | AU15: =IFERROR(INDEX(水保局全省災害資料!$U$2:$U$2000, MATCH(1, INDEX((水保局全省災害資料!$T$2:$T$2000=W15)*(水保局全省災害資料!$U$2:$U$2000=X15), 0, 1), 0)), "") -> 786.9 | AV15: =IFERROR(INDEX(水保局全省災害資料!$B$2:$B$2000, MATCH(1, INDEX((水保局全省災害資料!$T$2:$T$2000=W15)*(水保局全省災害資料!$U$2:$U$2000=X15), 0, 1), 0)), "") -> 土石流
A16: 南投縣 | B16: 信義鄉 | C16: 同富村 | D16: 投縣DF202 | E16: 頭坑橋 | F16: 溪流型 | G16: 98 | H16: 莫拉克颱風 | I16: 40034.083 | J16: 2 | K16: 8.033105 | L16: 0 | M16: =IF(SUMIFS(水保局全省災害資料!$X:$X, 水保局全省災害資料!$E:$E, A16, 水保局全省災害資料!$F:$F, B16, 水保局全省災害資料!$N:$N, H16)=0, "", SUMIFS(水保局全省災害資料!$X:$X, 水保局全省災害資料!$E:$E, A16, 水保局全省災害資料!$F:$F, B16, 水保局全省災害資料!$N:$N, H16)) | N16: 0 | O16: 5.0452452 | P16: 否 | Q16: 1 | S16: 250 | T16: C0H9A0 | U16: 神木村 | V16: 1919 | W16: 89 | X16: 1087.9 | Y16: 226.5 | Z16: 349 | AA16: 585.5 | AB16: 857 | AC16: 5年 | AD16: 50年 | AE16: 50年 | AF16: 200年 | AG16: 200年 | AH16: 95 | AI16: 255.5 | AJ16: 392 | AK16: 653 | AL16: 1138.5 | AM16: 10年 | AN16: 100年 | AO16: 200年 | AP16: 200年 | AQ16: 200年 | AR16: 49 | AS16: =IFERROR(INDEX(水保局全省災害資料!$X$2:$X$2000, MATCH(1, INDEX((水保局全省災害資料!$T$2:$T$2000=W16)*(水保局全省災害資料!$U$2:$U$2000=X16), 0, 1), 0)), "") -> 0 | AT16: =IFERROR(INDEX(水保局全省災害資料!$T$2:$T$2000, MATCH(1, INDEX((水保局全省災害資料!$T$2:$T$2000=W16)*(水保局全省災害資料!$U$2:$U$2000=X16), 0, 1), 0)), "") -> 89 | AU16: =IFERROR(INDEX(水保局全省災害資料!$U$2:$U$2000, MATCH(1, INDEX((水保局全省災害資料!$T$2:$T$2000=W16)*(水保局全省災害資料!$U$2:$U$2000=X16), 0, 1), 0)), "") -> 1087.9 | AV16: =IFERROR(INDEX(水保局全省災害資料!$B$2:$B$2000, MATCH(1, INDEX((水保局全省災害資料!$T$2:$T$2000=W16)*(水保局全省災害資料!$U$2:$U$2000=X16), 0, 1), 0)), "") -> 土石流、洪水
A17: 南投縣 | B17: 信義鄉 | C17: 同富村 | D17: 投縣DF202 | E17: 頭坑橋 | F17: 溪流型 | G17: 101 | H17: 0610豪雨 | I17: 41071.792 | J17: 3 | K17: 2.8430365 | L17: 22.2 | M17: =IF(SUMIFS(水保局全省災害資料!$X:$X, 水保局全省災害資料!$E:$E, A17, 水保局全省災害資料!$F:$F, B17, 水保局全省災害資料!$N:$N, H17)=0, "", SUMIFS(水保局全省災害資料!$X:$X, 水保局全省災害資料!$E:$E, A17, 水保局全省災害資料!$F:$F, B17, 水保局全省災害資料!$N:$N, H17)) | N17: 5.1378185 | O17: 4.1843135 | P17: 否 | Q17: 2 | R17: 2.8430365 | S17: 250 | T17: C1I340 | U17: 新興橋 | V17: 656.5 | W17: 18.5 | X17: 434.8 | Y17: 59 | Z17: 129 | AA17: 237.5 | AB17: 307 | AC17: <2 | AD17: <2 | AE17: <2 | AF17: <2 | AG17: <2 | AH17: 32 | AI17: 80.5 | AJ17: 150.5 | AK17: 244 | AL17: 353 | AM17: <2 | AN17: <2 | AO17: <2 | AP17: 2年 | AQ17: 2年 | AR17: 40 | AS17: =IFERROR(INDEX(水保局全省災害資料!$X$2:$X$2000, MATCH(1, INDEX((水保局全省災害資料!$T$2:$T$2000=W17)*(水保局全省災害資料!$U$2:$U$2000=X17), 0, 1), 0)), "") -> 0 | AT17: =IFERROR(INDEX(水保局全省災害資料!$T$2:$T$2000, MATCH(1, INDEX((水保局全省災害資料!$T$2:$T$2000=W17)*(水保局全省災害資料!$U$2:$U$2000=X17), 0, 1), 0)), "") -> 18.5 | AU17: =IFERROR(INDEX(水保局全省災害資料!$U$2:$U$2000, MATCH(1, INDEX((水保局全省災害資料!$T$2:$T$2000=W17)*(水保局全省災害資料!$U$2:$U$2000=X17), 0, 1), 0)), "") -> 434.8 | AV17: =IFERROR(INDEX(水保局全省災害資料!$B$2:$B$2000, MATCH(1, INDEX((水保局全省災害資料!$T$2:$T$2000=W17)*(水保局全省災害資料!$U$2:$U$2000=X17), 0, 1), 0)), "") -> 土石流、洪水(土砂淤積)
A18: 南投縣 | B18: 信義鄉 | C18: 東埔村 | D18: 投縣DF206 | E18: 東埔溫泉 | F18: 溪流型 | G18: 112 | H18: 一般降雨 | I18: 45162.708 | J18: 1 | L18: 0 | M18: =IF(SUMIFS(水保局全省災害資料!$X:$X, 水保局全省災害資料!$E:$E, A18, 水保局全省災害資料!$F:$F, B18, 水保局全省災害資料!$N:$N, H18)=0, "", SUMIFS(水保局全省災害資料!$X:$X, 水保局全省災害資料!$E:$E, A18, 水保局全省災害資料!$F:$F, B18, 水保局全省災害資料!$N:$N, H18)) | N18: 0 | O18: 0 | P18: 否 | Q18: 1 | S18: 300 | T18: C1I070 | U18: 和社 | V18: 42 | W18: 29 | X18: 46 | Y18: 36.5 | Z18: 36.5 | AA18: 36.5 | AB18: 36.5 | AC18: <2 | AD18: <2 | AE18: <2 | AF18: <2 | AG18: <2 | AH18: 29 | AI18: 42 | AJ18: 42 | AK18: 42 | AL18: 42 | AM18: <2 | AN18: <2 | AO18: <2 | AP18: <2 | AQ18: <2 | AR18: 3 | AS18: =IFERROR(INDEX(水保局全省災害資料!$X$2:$X$2000, MATCH(1, INDEX((水保局全省災害資料!$T$2:$T$2000=W18)*(水保局全省災害資料!$U$2:$U$2000=X18), 0, 1), 0)), "") | AT18: =IFERROR(INDEX(水保局全省災害資料!$T$2:$T$2000, MATCH(1, INDEX((水保局全省災害資料!$T$2:$T$2000=W18)*(水保局全省災害資料!$U$2:$U$2000=X18), 0, 1), 0)), "") | AU18: =IFERROR(INDEX(水保局全省災害資料!$U$2:$U$2000, MATCH(1, INDEX((水保局全省災害資料!$T$2:$T$2000=W18)*(水保局全省災害資料!$U$2:$U$2000=X18), 0, 1), 0)), "") | AV18: =IFERROR(INDEX(水保局全省災害資料!$B$2:$B$2000, MATCH(1, INDEX((水保局全省災害資料!$T$2:$T$2000=W18)*(水保局全省災害資料!$U$2:$U$2000=X18), 0, 1), 0)), "")
A19: 南投縣 | B19: 信義鄉 | C19: 東埔村 | D19: 投縣DF206 | E19: 東埔溫泉 | F19: 溪流型 | G19: 113 | H19: 一般降雨 | I19: 45440.5 | J19: 2 | K19: 0.76107306 | L19: 0.1 | M19: =IF(SUMIFS(水保局全省災害資料!$X:$X, 水保局全省災害資料!$E:$E, A19, 水保局全省災害資料!$F:$F, B19, 水保局全省災害資料!$N:$N, H19)=0, "", SUMIFS(水保局全省災害資料!$X:$X, 水保局全省災害資料!$E:$E, A19, 水保局全省災害資料!$F:$F, B19, 水保局全省災害資料!$N:$N, H19)) | N19: 0.12410027 | O19: -2146826273 | P19: 否 | Q19: 2 | R19: 0.76107306 | S19: 300 | T19: 01H400 | U19: 東埔 | V19: 41 | W19: 18 | X19: 102 | Y19: 48.5 | Z19: 57.5 | AA19: 60 | AB19: 67 | AC19: <2 | AD19: <2 | AE19: <2 | AF19: <2 | AG19: <2 | AH19: 14 | AI19: 32 | AJ19: 41 | AK19: 41 | AL19: 41 | AM19: <2 | AN19: <2 | AO19: <2 | AP19: <2 | AQ19: <2 | AR19: 6 | AS19: =IFERROR(INDEX(水保局全省災害資料!$X$2:$X$2000, MATCH(1, INDEX((水保局全省災害資料!$T$2:$T$2000=W19)*(水保局全省災害資料!$U$2:$U$2000=X19), 0, 1), 0)), "") | AT19: =IFERROR(INDEX(水保局全省災害資料!$T$2:$T$2000, MATCH(1, INDEX((水保局全省災害資料!$T$2:$T$2000=W19)*(水保局全省災害資料!$U$2:$U$2000=X19), 0, 1), 0)), "") | AU19: =IFERROR(INDEX(水保局全省災害資料!$U$2:$U$2000, MATCH(1, INDEX((水保局全省災害資料!$T$2:$T$2000=W19)*(水保局全省災害資料!$U$2:$U$2000=X19), 0, 1), 0)), "") | AV19: =IFERROR(INDEX(水保局全省災害資料!$B$2:$B$2000, MATCH(1, INDEX((水保局全省災害資料!$T$2:$T$2000=W19)*(水保局全省災害資料!$U$2:$U$2000=X19), 0, 1), 0)), "")
A20: 南投縣 | B20: 信義鄉 | C20: 東埔村 | D20: 投縣DF206 | E20: 東埔溫泉 | F20: 溪流型 | G20: 113 | H20: 凱米颱風 | I20: 45498 | J20: 3 | K20: 0.15753425 | L20: 缺 | M20: =IF(SUMIFS(水保局全省災害資料!$X:$X, 水保局全省災害資料!$E:$E, A20, 水保局全省災害資料!$F:$F, B20, 水保局全省災害資料!$N:$N, H20)=0, "", SUMIFS(水保局全省災害資料!$X:$X, 水保局全省災害資料!$E:$E, A20, 水保局全省災害資料!$F:$F, B20, 水保局全省災害資料!$N:$N, H20)) | N20: -2146826273 | O20: -2146826273 | P20: 否 | Q20: 3 | R20: 0.15753425 | S20: 300 | T20: 01H400 | U20: 東埔 | V20: 342 | W20: 11 | X20: 93 | Y20: 22 | Z20: 52 | AA20: 99 | AB20: 120 | AC20: <2 | AD20: <2 | AE20: <2 | AF20: <2 | AG20: <2 | AH20: 38 | AI20: 82 | AJ20: 126 | AK20: 177 | AL20: 284 | AM20: <2 | AN20: <2 | AO20: <2 | AP20: 2年 | AQ20: 10年 | AR20: 15 | AS20: =IFERROR(INDEX(水保局全省災害資料!$X$2:$X$2000, MATCH(1, INDEX((水保局全省災害資料!$T$2:$T$2000=W20)*(水保局全省災害資料!$U$2:$U$2000=X20), 0, 1), 0)), "") -> 0 | AT20: =IFERROR(INDEX(水保局全省災害資料!$T$2:$T$2000, MATCH(1, INDEX((水保局全省災害資料!$T$2:$T$2000=W20)*(水保局全省災害資料!$U$2:$U$2000=X20), 0, 1), 0)), "") -> 11 | AU20: =IFERROR(INDEX(水保局全省災害資料!$U$2:$U$2000, MATCH(1, INDEX((水保局全省災害資料!$T$2:$T$2000=W20)*(水保局全省災害資料!$U$2:$U$2000=X20), 0, 1), 0)), "") -> 93 | AV20: =IFERROR(INDEX(水保局全省災害資料!$B$2:$B$2000, MATCH(1, INDEX((水保局全省災害資料!$T$2:$T$2000=W20)*(水保局全省災害資料!$U$2:$U$2000=X20), 0, 1), 0)), "") -> 土石流
A21: 南投縣 | B21: 信義鄉 | C21: 神木村 | D21: 投縣DF226 | E21: 愛玉子溪 | F21: 溪流型 | G21: 98 | H21: 莫拉克颱風 | I21: 40033.625 | J21: 4 | K21: 5.1058219 | L21: 58.131932 | M21: =IF(SUMIFS(水保局全省災害資料!$X:$X, 水保局全省災害資料!$E:$E, A21, 水保局全省災害資料!$F:$F, B21, 水保局全省災害資料!$N:$N, H21)=0, "", SUMIFS(水保局全省災害資料!$X:$X, 水保局全省災害資料!$E:$E, A21, 水保局全省災害資料!$F:$F, B21, 水保局全省災害資料!$N:$N, H21)) | N21: 15.487806 | O21: 50.620771 | P21: 否 | Q21: 1 | S21: 250 | T21: C0H9A0 | U21: 神木村 | V21: 1919 | W21: 34 | X21: 576.1 | Y21: 98 | Z21: 159 | AA21: 295.5 | AB21: 453.5 | AC21: <2 | AD21: <2 | AE21: <2 | AF21: 2年 | AG21: 2年 | AH21: 95 | AI21: 255.5 | AJ21: 392 | AK21: 653 | AL21: 1138.5 | AM21: 10年 | AN21: 100年 | AO21: 200年 | AP21: 200年 | AQ21: 200年 | AR21: 39 | AS21: =IFERROR(INDEX(水保局全省災害資料!$X$2:$X$2000, MATCH(1, INDEX((水保局全省災害資料!$T$2:$T$2000=W21)*(水保局全省災害資料!$U$2:$U$2000=X21), 0, 1), 0)), "") -> 0 | AT21: =IFERROR(INDEX(水保局全省災害資料!$T$2:$T$2000, MATCH(1, INDEX((水保局全省災害資料!$T$2:$T$2000=W21)*(水保局全省災害資料!$U$2:$U$2000=X21), 0, 1), 0)), "") -> 34 | AU21: =IFERROR(INDEX(水保局全省災害資料!$U$2:$U$2000, MATCH(1, INDEX((水保局全省災害資料!$T$2:$T$2000=W21)*(水保局全省災害資料!$U$2:$U$2000=X21), 0, 1), 0)), "") -> 576.1 | AV21: =IFERROR(INDEX(水保局全省災害資料!$B$2:$B$2000, MATCH(1, INDEX((水保局全省災害資料!$T$2:$T$2000=W21)*(水保局全省災害資料!$U$2:$U$2000=X21), 0, 1), 0)), "") -> 土石流
A22: 南投縣 | B22: 信義鄉 | C22: 神木村 | D22: 投縣DF226 | E22: 愛玉子溪 | F22: 溪流型 | G22: 100 | H22: 0719豪雨 | I22: 40742.958 | J22: 5 | K22: 1.943379 | L22: 134.191 | M22: =IF(SUMIFS(水保局全省災害資料!$X:$X, 水保局全省災害資料!$E:$E, A22, 水保局全省災害資料!$F:$F, B22, 水保局全省災害資料!$N:$N, H22)=0, "", SUMIFS(水保局全省災害資料!$X:$X, 水保局全省災害資料!$E:$E, A22, 水保局全省災害資料!$F:$F, B22, 水保局全省災害資料!$N:$N, H22)) | N22: 35.751852 | O22: 40.740396 | P22: 否 | Q22: 2 | R22: 1.943379 | S22: 250 | T22: C0H9A0 | U22: 神木村 | V22: 252 | W22: 15 | X22: 89.32 | Y22: 32 | Z22: 33 | AA22: 34 | AB22: 60.5 | AC22: <2 | AD22: <2 | AE22: <2 | AF22: <2 | AG22: <2 | AH22: 45 | AI22: 102.5 | AJ22: 173.5 | AK22: 245.5 | AL22: 252 | AM22: <2 | AN22: <2 | AO22: <2 | AP22: <2 | AQ22: <2 | AR22: 2 | AS22: =IFERROR(INDEX(水保局全省災害資料!$X$2:$X$2000, MATCH(1, INDEX((水保局全省災害資料!$T$2:$T$2000=W22)*(水保局全省災害資料!$U$2:$U$2000=X22), 0, 1), 0)), "") | AT22: =IFERROR(INDEX(水保局全省災害資料!$T$2:$T$2000, MATCH(1, INDEX((水保局全省災害資料!$T$2:$T$2000=W22)*(水保局全省災害資料!$U$2:$U$2000=X22), 0, 1), 0)), "") | AU22: =IFERROR(INDEX(水保局全省災害資料!$U$2:$U$2000, MATCH(1, INDEX((水保局全省災害資料!$T$2:$T$2000=W22)*(水保局全省災害資料!$U$2:$U$2000=X22), 0, 1), 0)), "") | AV22: =IFERROR(INDEX(水保局全省災害資料!$B$2:$B$2000, MATCH(1, INDEX((水保局全省災害資料!$T$2:$T$2000=W22)*(水保局全省災害資料!$U$2:$U$2000=X22), 0, 1), 0)), "")
A23: 南投縣 | B23: 信義鄉 | C23: 神木村 | D23: 投縣DF226 | E23: 愛玉子溪 | F23: 溪流型 | G23: 101 | H23: 0610豪雨 | I23: 41070.792 | J23: 6 | K23: 0.89817352 | L23: 110.2 | M23: =IF(SUMIFS(水保局全省災害資料!$X:$X, 水保局全省災害資料!$E:$E, A23, 水保局全省災害資料!$F:$F, B23, 水保局全省災害資料!$N:$N, H23)=0, "", SUMIFS(水保局全省災害資料!$X:$X, 水保局全省災害資料!$E:$E, A23, 水保局全省災害資料!$F:$F, B23, 水保局全省災害資料!$N:$N, H23)) | N23: 29.360047 | O23: 30.931955 | P23: 否 | Q23: 3 | R23: 0.89817352 | S23: 250 | T23: C0H9A0 | U23: 神木村 | V23: 949 | W23: 24.5 | X23: 228.6 | Y23: 82 | Z23: 122.5 | AA23: 153 | AB23: 180 | AC23: <2 | AD23: <2 | AE23: <2 | AF23: <2 | AG23: <2 | AH23: 39.5 | AI23: 84 | AJ23: 151 | AK23: 279.5 | AL23: 460.5 | AM23: <2 | AN23: <2 | AO23: <2 | AP23: 2年 | AQ23: 5年 | AR23: 12 | AS23: =IFERROR(INDEX(水保局全省災害資料!$X$2:$X$2000, MATCH(1, INDEX((水保局全省災害資料!$T$2:$T$2000=W23)*(水保局全省災害資料!$U$2:$U$2000=X23), 0, 1), 0)), "") | AT23: =IFERROR(INDEX(水保局全省災害資料!$T$2:$T$2000, MATCH(1, INDEX((水保局全省災害資料!$T$2:$T$2000=W23)*(水保局全省災害資料!$U$2:$U$2000=X23), 0, 1), 0)), "") | AU23: =IFERROR(INDEX(水保局全省災害資料!$U$2:$U$2000, MATCH(1, INDEX((水保局全省災害資料!$T$2:$T$2000=W23)*(水保局全省災害資料!$U$2:$U$2000=X23), 0, 1), 0)), "") | AV23: =IFERROR(INDEX(水保局全省災害資料!$B$2:$B$2000, MATCH(1, INDEX((水保局全省災害資料!$T$2:$T$2000=W23)*(水保局全省災害資料!$U$2:$U$2000=X23), 0, 1), 0)), "")
A24: 南投縣 | B24: 信義鄉 | C24: 神木村 | D24: 投縣DF226 | E24: 愛玉子溪 | F24: 溪流型 | G24: 102 | H24: 蘇力颱風 | I24: 41468.287 | J24: 7 | K24: 1.0890297 | L24: 116.1 | M24: =IF(SUMIFS(水保局全省災害資料!$X:$X, 水保局全省災害資料!$E:$E, A24, 水保局全省災害資料!$F:$F, B24, 水保局全省災害資料!$N:$N, H24)=0, "", SUMIFS(水保局全省災害資料!$X:$X, 水保局全省災害資料!$E:$E, A24, 水保局全省災害資料!$F:$F, B24, 水保局全省災害資料!$N:$N, H24)) | N24: 30.931955 | O24: 34.555336 | P24: 否 | Q24: 4 | R24: 1.0890297 | S24: 250 | T24: C0H9A0 | U24: 神木村 | V24: 617.5 | W24: 59.5 | X24: 340.7 | Y24: 136.5 | Z24: 254.5 | AA24: 328.5 | AB24: 332 | AC24: <2 | AD24: 2年 | AE24: 5年 | AF24: 2年 | AG24: <2 | AH24: 59.5 | AI24: 143 | AJ24: 254.5 | AK24: 436 | AL24: 617.5 | AM24: <2 | AN24: 2年 | AO24: 5年 | AP24: 25年 | AQ24: 25年 | AR24: 12 | AS24: =IFERROR(INDEX(水保局全省災害資料!$X$2:$X$2000, MATCH(1, INDEX((水保局全省災害資料!$T$2:$T$2000=W24)*(水保局全省災害資料!$U$2:$U$2000=X24), 0, 1), 0)), "") | AT24: =IFERROR(INDEX(水保局全省災害資料!$T$2:$T$2000, MATCH(1, INDEX((水保局全省災害資料!$T$2:$T$2000=W24)*(水保局全省災害資料!$U$2:$U$2000=X24), 0, 1), 0)), "") | AU24: =IFERROR(INDEX(水保局全省災害資料!$U$2:$U$2000, MATCH(1, INDEX((水保局全省災害資料!$T$2:$T$2000=W24)*(水保局全省災害資料!$U$2:$U$2000=X24), 0, 1), 0)), "") | AV24: =IFERROR(INDEX(水保局全省災害資料!$B$2:$B$2000, MATCH(1, INDEX((水保局全省災害資料!$T$2:$T$2000=W24)*(水保局全省災害資料!$U$2:$U$2000=X24), 0, 1), 0)), "")
A25: 南投縣 | B25: 信義鄉 | C25: 神木村 | D25: 投縣DF226 | E25: 愛玉子溪 | F25: 溪流型 | G25: 103 | H25: 0520豪雨 | I25: 41779.537 | J25: 8 | K25: 0.85273782 | L25: 129.7 | M25: =IF(SUMIFS(水保局全省災害資料!$X:$X, 水保局全省災害資料!$E:$E, A25, 水保局全省災害資料!$F:$F, B25, 水保局全省災害資料!$N:$N, H25)=0, "", SUMIFS(水保局全省災害資料!$X:$X, 水保局全省災害資料!$E:$E, A25, 水保局全省災害資料!$F:$F, B25, 水保局全省災害資料!$N:$N, H25)) | N25: 34.555336 | O25: 25.912506 | P25: 否 | Q25: 5 | R25: 0.85273782 | S25: 250 | T25: C0H9A0 | U25: 神木村 | V25: 153.5 | W25: 13 | X25: 88.9 | Y25: 42 | Z25: 42.5 | AA25: 42.5 | AB25: 62.5 | AC25: <2 | AD25: <2 | AE25: <2 | AF25: <2 | AG25: <2 | AH25: 35.5 | AI25: 63.5 | AJ25: 96.5 | AK25: 153.5 | AL25: 153.5 | AM25: <2 | AN25: <2 | AO25: <2 | AP25: <2 | AQ25: <2 | AR25: 1 | AS25: =IFERROR(INDEX(水保局全省災害資料!$X$2:$X$2000, MATCH(1, INDEX((水保局全省災害資料!$T$2:$T$2000=W25)*(水保局全省災害資料!$U$2:$U$2000=X25), 0, 1), 0)), "") | AT25: =IFERROR(INDEX(水保局全省災害資料!$T$2:$T$2000, MATCH(1, INDEX((水保局全省災害資料!$T$2:$T$2000=W25)*(水保局全省災害資料!$U$2:$U$2000=X25), 0, 1), 0)), "") | AU25: =IFERROR(INDEX(水保局全省災害資料!$U$2:$U$2000, MATCH(1, INDEX((水保局全省災害資料!$T$2:$T$2000=W25)*(水保局全省災害資料!$U$2:$U$2000=X25), 0, 1), 0)), "") | AV25: =IFERROR(INDEX(水保局全省災害資料!$B$2:$B$2000, MATCH(1, INDEX((水保局全省災害資料!$T$2:$T$2000=W25)*(水保局全省災害資料!$U$2:$U$2000=X25), 0, 1), 0)), "")
A26: 雲林縣 | B26: 古坑鄉 | C26: 桂林村 | D26: 雲縣DF013 | F26: 坡面型 | G26: 106 | H26: 0601豪雨 | I26: 42889.958 | J26: 1 | L26: 0 | M26: =IF(SUMIFS(水保局全省災害資料!$X:$X, 水保局全省災害資料!$E:$E, A26, 水保局全省災害資料!$F:$F, B26, 水保局全省災害資料!$N:$N, H26)=0, "", SUMIFS(水保局全省災害資料!$X:$X, 水保局全省災害資料!$E:$E, A26, 水保局全省災害資料!$F:$F, B26, 水保局全省災害資料!$N:$N, H26)) | N26: 0 | O26: 1.452617 | P26: 否 | Q26: 1 | S26: 300 | T26: C0K490 | U26: 古坑 | V26: 124 | W26: 54 | X26: 614 | Y26: 81 | Z26: 97.5 | AA26: 97.5 | AB26: 97.5 | AC26: <2 | AD26: <2 | AE26: <2 | AF26: <2 | AG26: <2 | AH26: 54 | AI26: 81 | AJ26: 107.5 | AK26: 124 | AL26: 124 | AM26: <2 | AN26: <2 | AO26: <2 | AP26: <2 | AQ26: <2 | AR26: 5 | AS26: =IFERROR(INDEX(水保局全省災害資料!$X$2:$X$2000, MATCH(1, INDEX((水保局全省災害資料!$T$2:$T$2000=W26)*(水保局全省災害資料!$U$2:$U$2000=X26), 0, 1), 0)), "") -> 0 | AT26: =IFERROR(INDEX(水保局全省災害資料!$T$2:$T$2000, MATCH(1, INDEX((水保局全省災害資料!$T$2:$T$2000=W26)*(水保局全省災害資料!$U$2:$U$2000=X26), 0, 1), 0)), "") -> 54 | AU26: =IFERROR(INDEX(水保局全省災害資料!$U$2:$U$2000, MATCH(1, INDEX((水保局全省災害資料!$T$2:$T$2000=W26)*(水保局全省災害資料!$U$2:$U$2000=X26), 0, 1), 0)), "") -> 614 | AV26: =IFERROR(INDEX(水保局全省災害資料!$B$2:$B$2000, MATCH(1, INDEX((水保局全省災害資料!$T$2:$T$2000=W26)*(水保局全省災害資料!$U$2:$U$2000=X26), 0, 1), 0)), "") -> 崩塌、土石流
A27: 雲林縣 | B27: 古坑鄉 | C27: 桂林村 | D27: 雲縣DF013 | F27: 坡面型 | G27: 113 | H27: 凱米颱風 | I27: 45498.208 | J27: 2 | K27: 7.1458904 | L27: 0 | M27: =IF(SUMIFS(水保局全省災害資料!$X:$X, 水保局全省災害資料!$E:$E, A27, 水保局全省災害資料!$F:$F, B27, 水保局全省災害資料!$N:$N, H27)=0, "", SUMIFS(水保局全省災害資料!$X:$X, 水保局全省災害資料!$E:$E, A27, 水保局全省災害資料!$F:$F, B27, 水保局全省災害資料!$N:$N, H27)) -> 1.5 | N27: 0 | O27: 4.5192529 | P27: 否 | Q27: 2 | R27: 7.1458904 | S27: 400 | T27: 88K590 | U27: 華山 | V27: 1103.5 | W27: 33.5 | X27: 371.5 | Y27: 139.5 | Z27: 266 | AA27: 312 | AB27: 342.5 | AC27: <2 | AD27: 2年 | AE27: 10年 | AF27: 5年 | AG27: <2 | AH27: 65 | AI27: 156.5 | AJ27: 268.5 | AK27: 493 | AL27: 852 | AM27: <2 | AN27: 5年 | AO27: 10年 | AP27: 100年 | AQ27: 200年 | AR27: 18 | AS27: =IFERROR(INDEX(水保局全省災害資料!$X$2:$X$2000, MATCH(1, INDEX((水保局全省災害資料!$T$2:$T$2000=W27)*(水保局全省災害資料!$U$2:$U$2000=X27), 0, 1), 0)), "") -> 1.5 | AT27: =IFERROR(INDEX(水保局全省災害資料!$T$2:$T$2000, MATCH(1, INDEX((水保局全省災害資料!$T$2:$T$2000=W27)*(水保局全省災害資料!$U$2:$U$2000=X27), 0, 1), 0)), "") -> 33.5 | AU27: =IFERROR(INDEX(水保局全省災害資料!$U$2:$U$2000, MATCH(1, INDEX((水保局全省災害資料!$T$2:$T$2000=W27)*(水保局全省災害資料!$U$2:$U$2000=X27), 0, 1), 0)), "") -> 371.5 | AV27: =IFERROR(INDEX(水保局全省災害資料!$B$2:$B$2000, MATCH(1, INDEX((水保局全省災害資料!$T$2:$T$2000=W27)*(水保局全省災害資料!$U$2:$U$2000=X27), 0, 1), 0)), "") -> 土石流
A28: 嘉義縣 | B28: 中埔鄉 | C28: 中崙村 | D28: 嘉縣DF051 | E28: 中崙四號橋 | F28: 坡面型 | G28: 108 | H28: 0815豪雨 | I28: 43690.333 | J28: 1 | L28: 0 | M28: =IF(SUMIFS(水保局全省災害資料!$X:$X, 水保局全省災害資料!$E:$E, A28, 水保局全省災害資料!$F:$F, B28, 水保局全省災害資料!$N:$N, H28)=0, "", SUMIFS(水保局全省災害資料!$X:$X, 水保局全省災害資料!$E:$E, A28, 水保局全省災害資料!$F:$F, B28, 水保局全省災害資料!$N:$N, H28)) | N28: 0 | O28: 7.4634146 | P28: 否 | Q28: 1 | S28: 350 | T28: 81M690 | U28: 沄水國小 | V28: 55 | W28: 6.5 | X28: 98 | Y28: 34.5 | Z28: 37.5 | AA28: 37.5 | AB28: 58 | AC28: <2 | AD28: <2 | AE28: <2 | AF28: <2 | AG28: <2 | AH28: 16.5 | AI28: 34.5 | AJ28: 55 | AK28: 55 | AL28: 55 | AM28: <2 | AN28: <2 | AO28: <2 | AP28: <2 | AQ28: <2 | AR28: 3 | AS28: =IFERROR(INDEX(水保局全省災害資料!$X$2:$X$2000, MATCH(1, INDEX((水保局全省災害資料!$T$2:$T$2000=W28)*(水保局全省災害資料!$U$2:$U$2000=X28), 0, 1), 0)), "") | AT28: =IFERROR(INDEX(水保局全省災害資料!$T$2:$T$2000, MATCH(1, INDEX((水保局全省災害資料!$T$2:$T$2000=W28)*(水保局全省災害資料!$U$2:$U$2000=X28), 0, 1), 0)), "") | AU28: =IFERROR(INDEX(水保局全省災害資料!$U$2:$U$2000, MATCH(1, INDEX((水保局全省災害資料!$T$2:$T$2000=W28)*(水保局全省災害資料!$U$2:$U$2000=X28), 0, 1), 0)), "") | AV28: =IFERROR(INDEX(水保局全省災害資料!$B$2:$B$2000, MATCH(1, INDEX((水保局全省災害資料!$T$2:$T$2000=W28)*(水保局全省災害資料!$U$2:$U$2000=X28), 0, 1), 0)), "")
A29: 嘉義縣 | B29: 中埔鄉 | C29: 中崙村 | D29: 嘉縣DF051 | E29: 中崙四號橋 | F29: 坡面型 | G29: 108 | H29: 利奇馬颱風 | I29: 43693.25 | J29: 2 | K29: 0.0079908676 | L29: 0 | M29: =IF(SUMIFS(水保局全省災害資料!$X:$X, 水保局全省災害資料!$E:$E, A29, 水保局全省災害資料!$F:$F, B29, 水保局全省災害資料!$N:$N, H29)=0, "", SUMIFS(水保局全省災害資料!$X:$X, 水保局全省災害資料!$E:$E, A29, 水保局全省災害資料!$F:$F, B29, 水保局全省災害資料!$N:$N, H29)) | N29: 0 | O29: 7.4634146 | P29: 否 | Q29: 2 | R29: 0.0079908676 | S29: 350 | T29: 81M690 | U29: 沄水國小 | V29: 106.5 | W29: 20.5 | X29: 174 | Y29: 38 | Z29: 51 | AA29: 71.5 | AB29: 120.5 | AC29: <2 | AD29: <2 | AE29: <2 | AF29: <2 | AG29: <2 | AH29: 20.5 | AI29: 38 | AJ29: 58.5 | AK29: 77 | AL29: 106.5 | AM29: <2 | AN29: <2 | AO29: <2 | AP29: <2 | AQ29: <2 | AR29: 10 | AS29: =IFERROR(INDEX(水保局全省災害資料!$X$2:$X$2000, MATCH(1, INDEX((水保局全省災害資料!$T$2:$T$2000=W29)*(水保局全省災害資料!$U$2:$U$2000=X29), 0, 1), 0)), "") | AT29: =IFERROR(INDEX(水保局全省災害資料!$T$2:$T$2000, MATCH(1, INDEX((水保局全省災害資料!$T$2:$T$2000=W29)*(水保局全省災害資料!$U$2:$U$2000=X29), 0, 1), 0)), "") | AU29: =IFERROR(INDEX(水保局全省災害資料!$U$2:$U$2000, MATCH(1, INDEX((水保局全省災害資料!$T$2:$T$2000=W29)*(水保局全省災害資料!$U$2:$U$2000=X29), 0, 1), 0)), "") | AV29: =IFERROR(INDEX(水保局全省災害資料!$B$2:$B$2000, MATCH(1, INDEX((水保局全省災害資料!$T$2:$T$2000=W29)*(水保局全省災害資料!$U$2:$U$2000=X29), 0, 1), 0)), "")
A30: 嘉義縣 | B30: 中埔鄉 | C30: 中崙村 | D30: 嘉縣DF051 | E30: 中崙四號橋 | F30: 坡面型 | G30: 112 | H30: 0910豪雨 | I30: 45179.833 | J30: 3 | K30: 4.0728311 | L30: 0.386 | M30: =IF(SUMIFS(水保局全省災害資料!$X:$X, 水保局全省災害資料!$E:$E, A30, 水保局全省災害資料!$F:$F, B30, 水保局全省災害資料!$N:$N, H30)=0, "", SUMIFS(水保局全省災害資料!$X:$X, 水保局全省災害資料!$E:$E, A30, 水保局全省災害資料!$F:$F, B30, 水保局全省災害資料!$N:$N, H30)) | N30: 1.8829268 | O30: 20 | P30: 否 | Q30: 3 | R30: 4.0728311 | S30: 300 | T30: 81M690 | U30: 沄水國小 | V30: 391 | W30: 25 | X30: 391 | Y30: 173.5 | Z30: 241.5 | AA30: 255 | AB30: 255 | AC30: <2 | AD30: 10年 | AE30: 10年 | AF30: 2年 | AG30: <2 | AH30: 123 | AI30: 181 | AJ30: 230 | AK30: 230 | AL30: 230 | AM30: 100年 | AN30: 10年 | AO30: 5年 | AP30: <2 | AQ30: <2 | AR30: 6 | AS30: =IFERROR(INDEX(水保局全省災害資料!$X$2:$X$2000, MATCH(1, INDEX((水保局全省災害資料!$T$2:$T$2000=W30)*(水保局全省災害資料!$U$2:$U$2000=X30), 0, 1), 0)), "") -> 1.08 | AT30: =IFERROR(INDEX(水保局全省災害資料!$T$2:$T$2000, MATCH(1, INDEX((水保局全省災害資料!$T$2:$T$2000=W30)*(水保局全省災害資料!$U$2:$U$2000=X30), 0, 1), 0)), "") -> 25 | AU30: =IFERROR(INDEX(水保局全省災害資料!$U$2:$U$2000, MATCH(1, INDEX((水保局全省災害資料!$T$2:$T$2000=W30)*(水保局全省災害資料!$U$2:$U$2000=X30), 0, 1), 0)), "") -> 391 | AV30: =IFERROR(INDEX(水保局全省災害資料!$B$2:$B$2000, MATCH(1, INDEX((水保局全省災害資料!$T$2:$T$2000=W30)*(水保局全省災害資料!$U$2:$U$2000=X30), 0, 1), 0)), "") -> 崩塌(山崩)、土石流
A31: 嘉義縣 | B31: 中埔鄉 | C31: 中崙村 | D31: 嘉縣DF051 | E31: 中崙四號橋 | F31: 坡面型 | G31: 113 | H31: 一般降雨 | I31: 45450.708 | J31: 4 | K31: 0.74212329 | L31: 4.1 | M31: =IF(SUMIFS(水保局全省災害資料!$X:$X, 水保局全省災害資料!$E:$E, A31, 水保局全省災害資料!$F:$F, B31, 水保局全省災害資料!$N:$N, H31)=0, "", SUMIFS(水保局全省災害資料!$X:$X, 水保局全省災害資料!$E:$E, A31, 水保局全省災害資料!$F:$F, B31, 水保局全省災害資料!$N:$N, H31)) | N31: 20 | O31: 24.390244 | P31: 否 | Q31: 4 | R31: 0.74212329 | S31: 300 | T31: 81M690 | U31: 沄水國小 | V31: 15.5 | W31: 3.5 | X31: 15 | Y31: 10 | Z31: 10 | AA31: 10 | AB31: 11.5 | AC31: <2 | AD31: <2 | AE31: <2 | AF31: <2 | AG31: <2 | AH31: 15.5 | AI31: 15.5 | AJ31: 15.5 | AK31: 15.5 | AL31: 15.5 | AM31: <2 | AN31: <2 | AO31: <2 | AP31: <2 | AQ31: <2 | AR31: 1 | AS31: =IFERROR(INDEX(水保局全省災害資料!$X$2:$X$2000, MATCH(1, INDEX((水保局全省災害資料!$T$2:$T$2000=W31)*(水保局全省災害資料!$U$2:$U$2000=X31), 0, 1), 0)), "") -> 0 | AT31: =IFERROR(INDEX(水保局全省災害資料!$T$2:$T$2000, MATCH(1, INDEX((水保局全省災害資料!$T$2:$T$2000=W31)*(水保局全省災害資料!$U$2:$U$2000=X31), 0, 1), 0)), "") -> 3.5 | AU31: =IFERROR(INDEX(水保局全省災害資料!$U$2:$U$2000, MATCH(1, INDEX((水保局全省災害資料!$T$2:$T$2000=W31)*(水保局全省災害資料!$U$2:$U$2000=X31), 0, 1), 0)), "") -> 15 | AV31: =IFERROR(INDEX(水保局全省災害資料!$B$2:$B$2000, MATCH(1, INDEX((水保局全省災害資料!$T$2:$T$2000=W31)*(水保局全省災害資料!$U$2:$U$2000=X31), 0, 1), 0)), "") -> 土石流
A32: 嘉義縣 | B32: 阿里山鄉 | C32: 來吉村 | D32: 嘉縣DF042 | E32: 來吉大橋 | F32: 溪流型 | G32: 98 | H32: 莫拉克颱風 | I32: 40034.125 | J32: 1 | L32: 9.44 | M32: =IF(SUMIFS(水保局全省災害資料!$X:$X, 水保局全省災害資料!$E:$E, A32, 水保局全省災害資料!$F:$F, B32, 水保局全省災害資料!$N:$N, H32)=0, "", SUMIFS(水保局全省災害資料!$X:$X, 水保局全省災害資料!$E:$E, A32, 水保局全省災害資料!$F:$F, B32, 水保局全省災害資料!$N:$N, H32)) | N32: 8.8018648 | O32: 51.475221 | P32: 否 | Q32: 1 | S32: 300 | T32: C1M630 | U32: 豐山 | V32: 1882 | W32: 52 | X32: 1283.7 | Y32: 286.5 | Z32: 415.5 | AA32: 654.5 | AB32: 846 | AC32: <2 | AD32: 200年 | AE32: 200年 | AF32: 200年 | AG32: 200年 | AH32: 121.5 | AI32: 286.5 | AJ32: 415.5 | AK32: 654.5 | AL32: 1065.5 | AM32: 50年 | AN32: 200年 | AO32: 200年 | AP32: 200年 | AQ32: 200年 | AR32: 59 | AS32: =IFERROR(INDEX(水保局全省災害資料!$X$2:$X$2000, MATCH(1, INDEX((水保局全省災害資料!$T$2:$T$2000=W32)*(水保局全省災害資料!$U$2:$U$2000=X32), 0, 1), 0)), "") -> 0 | AT32: =IFERROR(INDEX(水保局全省災害資料!$T$2:$T$2000, MATCH(1, INDEX((水保局全省災害資料!$T$2:$T$2000=W32)*(水保局全省災害資料!$U$2:$U$2000=X32), 0, 1), 0)), "") -> 52 | AU32: =IFERROR(INDEX(水保局全省災害資料!$U$2:$U$2000, MATCH(1, INDEX((水保局全省災害資料!$T$2:$T$2000=W32)*(水保局全省災害資料!$U$2:$U$2000=X32), 0, 1), 0)), "") -> 1283.7 | AV32: =IFERROR(INDEX(水保局全省災害資料!$B$2:$B$2000, MATCH(1, INDEX((水保局全省災害資料!$T$2:$T$2000=W32)*(水保局全省災害資料!$U$2:$U$2000=X32), 0, 1), 0)), "") -> 土石流
A33: 嘉義縣 | B33: 阿里山鄉 | C33: 來吉村 | D33: 嘉縣DF042 | E33: 來吉大橋 | F33: 溪流型 | G33: 101 | H33: 0610豪雨 | I33: 41072.458 | J33: 2 | K33: 2.8447489 | L33: 33.72 | M33: =IF(SUMIFS(水保局全省災害資料!$X:$X, 水保局全省災害資料!$E:$E, A33, 水保局全省災害資料!$F:$F, B33, 水保局全省災害資料!$N:$N, H33)=0, "", SUMIFS(水保局全省災害資料!$X:$X, 水保局全省災害資料!$E:$E, A33, 水保局全省災害資料!$F:$F, B33, 水保局全省災害資料!$N:$N, H33)) | N33: 31.440559 | O33: 34.592075 | P33: 否 | Q33: 2 | R33: 2.8447489 | S33: 250 | T33: C1M630 | U33: 豐山 | V33: 769.5 | W33: 32.5 | X33: 607 | Y33: 52 | Z33: 71.5 | AA33: 109.5 | AB33: 267 | AC33: <2 | AD33: <2 | AE33: <2 | AF33: <2 | AG33: <2 | AH33: 39.5 | AI33: 79 | AJ33: 136 | AK33: 205.5 | AL33: 325 | AM33: <2 | AN33: <2 | AO33: <2 | AP33: <2 | AQ33: <2 | AR33: 56 | AS33: =IFERROR(INDEX(水保局全省災害資料!$X$2:$X$2000, MATCH(1, INDEX((水保局全省災害資料!$T$2:$T$2000=W33)*(水保局全省災害資料!$U$2:$U$2000=X33), 0, 1), 0)), "") -> 0 | AT33: =IFERROR(INDEX(水保局全省災害資料!$T$2:$T$2000, MATCH(1, INDEX((水保局全省災害資料!$T$2:$T$2000=W33)*(水保局全省災害資料!$U$2:$U$2000=X33), 0, 1), 0)), "") -> 32.5 | AU33: =IFERROR(INDEX(水保局全省災害資料!$U$2:$U$2000, MATCH(1, INDEX((水保局全省災害資料!$T$2:$T$2000=W33)*(水保局全省災害資料!$U$2:$U$2000=X33), 0, 1), 0)), "") -> 607 | AV33: =IFERROR(INDEX(水保局全省災害資料!$B$2:$B$2000, MATCH(1, INDEX((水保局全省災害資料!$T$2:$T$2000=W33)*(水保局全省災害資料!$U$2:$U$2000=X33), 0, 1), 0)), "") -> 土石流、洪水
A34: 嘉義縣 | B34: 梅山鄉 | C34: 太和村 | D34: 嘉縣DF008 | F34: 溪流型 | G34: 98 | H34: 莫拉克颱風 | I34: 40033.833 | J34: 2 | K34: 7.903653 | L34: 2.07 | M34: =IF(SUMIFS(水保局全省災害資料!$X:$X, 水保局全省災害資料!$E:$E, A34, 水保局全省災害資料!$F:$F, B34, 水保局全省災害資料!$N:$N, H34)=0, "", SUMIFS(水保局全省災害資料!$X:$X, 水保局全省災害資料!$E:$E, A34, 水保局全省災害資料!$F:$F, B34, 水保局全省災害資料!$N:$N, H34)) | N34: 0.1807734 | O34: 7.353198 | P34: 否 | Q34: 1 | S34: 400 | T34: C1M620 | U34: 瑞里 | V34: 1889.5 | W34: 44 | X34: 855.9 | Y34: 115 | Z34: 250 | AA34: 377 | AB34: 501.5 | AC34: <2 | AD34: <2 | AE34: 5年 | AF34: 10年 | AG34: 10年 | AH34: 105 | AI34: 257 | AJ34: 404 | AK34: 644.5 | AL34: 1084.5 | AM34: 25年 | AN34: 100年 | AO34: 200年 | AP34: 200年 | AQ34: 200年 | AR34: 62 | AS34: =IFERROR(INDEX(水保局全省災害資料!$X$2:$X$2000, MATCH(1, INDEX((水保局全省災害資料!$T$2:$T$2000=W34)*(水保局全省災害資料!$U$2:$U$2000=X34), 0, 1), 0)), "") -> 0 | AT34: =IFERROR(INDEX(水保局全省災害資料!$T$2:$T$2000, MATCH(1, INDEX((水保局全省災害資料!$T$2:$T$2000=W34)*(水保局全省災害資料!$U$2:$U$2000=X34), 0, 1), 0)), "") -> 44 | AU34: =IFERROR(INDEX(水保局全省災害資料!$U$2:$U$2000, MATCH(1, INDEX((水保局全省災害資料!$T$2:$T$2000=W34)*(水保局全省災害資料!$U$2:$U$2000=X34), 0, 1), 0)), "") -> 855.9 | AV34: =IFERROR(INDEX(水保局全省災害資料!$B$2:$B$2000, MATCH(1, INDEX((水保局全省災害資料!$T$2:$T$2000=W34)*(水保局全省災害資料!$U$2:$U$2000=X34), 0, 1), 0)), "") -> 土石流
A35: 臺南市 | B35: 南化區 | C35: 玉山里 | D35: 南市DF048 | E35: 羌黃坑 | F35: 坡面型 | G35: 97 | H35: 卡玫基颱風 | I35: 39646.875 | J35: 1 | L35: 0.143898 | M35: =IF(SUMIFS(水保局全省災害資料!$X:$X, 水保局全省災害資料!$E:$E, A35, 水保局全省災害資料!$F:$F, B35, 水保局全省災害資料!$N:$N, H35)=0, "", SUMIFS(水保局全省災害資料!$X:$X, 水保局全省災害資料!$E:$E, A35, 水保局全省災害資料!$F:$F, B35, 水保局全省災害資料!$N:$N, H35)) | N35: 0.4790213 | O35: 2.7962716 | P35: 否 | Q35: 1 | S35: 500 | T35: C1O830 | U35: 北寮 | V35: 998.5 | W35: 125.5 | X35: 545.5 | Y35: 229.5 | Z35: 458.5 | AA35: 472.5 | AB35: 472.5 | AC35: 100年 | AD35: 50年 | AE35: 200年 | AF35: 100年 | AG35: 10年 | AH35: 140.5 | AI35: 324 | AJ35: 573 | AK35: 764 | AL35: 911 | AM35: 200年 | AN35: 200年 | AO35: 200年 | AP35: 200年 | AQ35: 200年 | AR35: 7 | AS35: =IFERROR(INDEX(水保局全省災害資料!$X$2:$X$2000, MATCH(1, INDEX((水保局全省災害資料!$T$2:$T$2000=W35)*(水保局全省災害資料!$U$2:$U$2000=X35), 0, 1), 0)), "") -> 0 | AT35: =IFERROR(INDEX(水保局全省災害資料!$T$2:$T$2000, MATCH(1, INDEX((水保局全省災害資料!$T$2:$T$2000=W35)*(水保局全省災害資料!$U$2:$U$2000=X35), 0, 1), 0)), "") -> 125.5 | AU35: =IFERROR(INDEX(水保局全省災害資料!$U$2:$U$2000, MATCH(1, INDEX((水保局全省災害資料!$T$2:$T$2000=W35)*(水保局全省災害資料!$U$2:$U$2000=X35), 0, 1), 0)), "") -> 545.5 | AV35: =IFERROR(INDEX(水保局全省災害資料!$B$2:$B$2000, MATCH(1, INDEX((水保局全省災害資料!$T$2:$T$2000=W35)*(水保局全省災害資料!$U$2:$U$2000=X35), 0, 1), 0)), "") -> 土石流
A36: 臺南市 | B36: 南化區 | C36: 玉山里 | D36: 南市DF048 | E36: 羌黃坑 | F36: 坡面型 | G36: 98 | H36: 莫拉克颱風 | I36: 40033.708 | J36: 2 | K36: 1.0598174 | L36: 0.84 | M36: =IF(SUMIFS(水保局全省災害資料!$X:$X, 水保局全省災害資料!$E:$E, A36, 水保局全省災害資料!$F:$F, B36, 水保局全省災害資料!$N:$N, H36)=0, "", SUMIFS(水保局全省災害資料!$X:$X, 水保局全省災害資料!$E:$E, A36, 水保局全省災害資料!$F:$F, B36, 水保局全省災害資料!$N:$N, H36)) | N36: 2.7962716 | O36: 6.722267 | P36: 否 | Q36: 2 | R36: 1.0598174 | S36: 450 | T36: C1O830 | U36: 北寮 | V36: 1241.5 | W36: 88 | X36: 653.6 | Y36: 187.5 | Z36: 260 | AA36: 363.5 | AB36: 523.5 | AC36: 10年 | AD36: 10年 | AE36: 10年 | AF36: 10年 | AG36: 25年 | AH36: 88 | AI36: 207.5 | AJ36: 359 | AK36: 555 | AL36: 770.5 | AM36: 10年 | AN36: 25年 | AO36: 200年 | AP36: 200年 | AQ36: 200年 | AR36: 44 | AS36: =IFERROR(INDEX(水保局全省災害資料!$X$2:$X$2000, MATCH(1, INDEX((水保局全省災害資料!$T$2:$T$2000=W36)*(水保局全省災害資料!$U$2:$U$2000=X36), 0, 1), 0)), "") | AT36: =IFERROR(INDEX(水保局全省災害資料!$T$2:$T$2000, MATCH(1, INDEX((水保局全省災害資料!$T$2:$T$2000=W36)*(水保局全省災害資料!$U$2:$U$2000=X36), 0, 1), 0)), "") | AU36: =IFERROR(INDEX(水保局全省災害資料!$U$2:$U$2000, MATCH(1, INDEX((水保局全省災害資料!$T$2:$T$2000=W36)*(水保局全省災害資料!$U$2:$U$2000=X36), 0, 1), 0)), "") | AV36: =IFERROR(INDEX(水保局全省災害資料!$B$2:$B$2000, MATCH(1, INDEX((水保局全省災害資料!$T$2:$T$2000=W36)*(水保局全省災害資料!$U$2:$U$2000=X36), 0, 1), 0)), "")
A37: 高雄市 | B37: 六龜區 | C37: 寶來里 | D37: 高市DF046 | E37: 五龍宮 | F37: 坡面型 | G37: 97 | H37: 卡玫基颱風 | I37: 39647.125 | J37: 1 | L37: 0 | M37: =IF(SUMIFS(水保局全省災害資料!$X:$X, 水保局全省災害資料!$E:$E, A37, 水保局全省災害資料!$F:$F, B37, 水保局全省災害資料!$N:$N, H37)=0, "", SUMIFS(水保局全省災害資料!$X:$X, 水保局全省災害資料!$E:$E, A37, 水保局全省災害資料!$F:$F, B37, 水保局全省災害資料!$N:$N, H37)) | N37: 0 | O37: 7.133094 | P37: 否 | Q37: 1 | S37: 450 | T37: C1V240 | U37: 新發 | V37: 1034.5 | W37: 33 | X37: 710.1 | Y37: 147 | Z37: 515.5 | AA37: 684 | AB37: 684 | AC37: <2 | AD37: 2年 | AE37: 200年 | AF37: 200年 | AG37: 50年 | AH37: 148 | AI37: 368.5 | AJ37: 567 | AK37: 764.5 | AL37: 886.5 | AM37: 200年 | AN37: 200年 | AO37: 200年 | AP37: 200年 | AQ37: 200年 | AR37: 11 | AS37: =IFERROR(INDEX(水保局全省災害資料!$X$2:$X$2000, MATCH(1, INDEX((水保局全省災害資料!$T$2:$T$2000=W37)*(水保局全省災害資料!$U$2:$U$2000=X37), 0, 1), 0)), "") -> 0 | AT37: =IFERROR(INDEX(水保局全省災害資料!$T$2:$T$2000, MATCH(1, INDEX((水保局全省災害資料!$T$2:$T$2000=W37)*(水保局全省災害資料!$U$2:$U$2000=X37), 0, 1), 0)), "") -> 33 | AU37: =IFERROR(INDEX(水保局全省災害資料!$U$2:$U$2000, MATCH(1, INDEX((水保局全省災害資料!$T$2:$T$2000=W37)*(水保局全省災害資料!$U$2:$U$2000=X37), 0, 1), 0)), "") -> 710.1 | AV37: =IFERROR(INDEX(水保局全省災害資料!$B$2:$B$2000, MATCH(1, INDEX((水保局全省災害資料!$T$2:$T$2000=W37)*(水保局全省災害資料!$U$2:$U$2000=X37), 0, 1), 0)), "") -> 土石流
A38: 高雄市 | B38: 六龜區 | C38: 寶來里 | D38: 高市DF046 | E38: 五龍宮 | F38: 坡面型 | G38: 98 | H38: 莫拉克颱風 | I38: 40032.875 | J38: 2 | K38: 1.0568493 | L38: 1.19194 | M38: =IF(SUMIFS(水保局全省災害資料!$X:$X, 水保局全省災害資料!$E:$E, A38, 水保局全省災害資料!$F:$F, B38, 水保局全省災害資料!$N:$N, H38)=0, "", SUMIFS(水保局全省災害資料!$X:$X, 水保局全省災害資料!$E:$E, A38, 水保局全省災害資料!$F:$F, B38, 水保局全省災害資料!$N:$N, H38)) | N38: 7.133094 | O38: 13.7217 | P38: 否 | Q38: 2 | R38: 1.0568493 | S38: 400 | T38: C1V240 | U38: 新發 | V38: 2418 | W38: 18.5 | X38: 308.9 | Y38: 56 | Z38: 101.5 | AA38: 165.5 | AB38: 299.5 | AC38: <2 | AD38: <2 | AE38: <2 | AF38: <2 | AG38: <2 | AH38: 103 | AI38: 253.5 | AJ38: 473.5 | AK38: 786.5 | AL38: 1199.5 | AM38: 10年 | AN38: 100年 | AO38: 200年 | AP38: 200年 | AQ38: 200年 | AR38: 24 | AS38: =IFERROR(INDEX(水保局全省災害資料!$X$2:$X$2000, MATCH(1, INDEX((水保局全省災害資料!$T$2:$T$2000=W38)*(水保局全省災害資料!$U$2:$U$2000=X38), 0, 1), 0)), "") -> 0 | AT38: =IFERROR(INDEX(水保局全省災害資料!$T$2:$T$2000, MATCH(1, INDEX((水保局全省災害資料!$T$2:$T$2000=W38)*(水保局全省災害資料!$U$2:$U$2000=X38), 0, 1), 0)), "") -> 18.5 | AU38: =IFERROR(INDEX(水保局全省災害資料!$U$2:$U$2000, MATCH(1, INDEX((水保局全省災害資料!$T$2:$T$2000=W38)*(水保局全省災害資料!$U$2:$U$2000=X38), 0, 1), 0)), "") -> 308.9 | AV38: =IFERROR(INDEX(水保局全省災害資料!$B$2:$B$2000, MATCH(1, INDEX((水保局全省災害資料!$T$2:$T$2000=W38)*(水保局全省災害資料!$U$2:$U$2000=X38), 0, 1), 0)), "") -> 土石流
A39: 高雄市 | B39: 六龜區 | C39: 寶來里 | D39: 高市DF047 | E39: 寶來一橋 | F39: 溪流型 | G39: 96 | H39: 聖帕颱風 | I39: 39314.5 | J39: 1 | L39: 0 | M39: =IF(SUMIFS(水保局全省災害資料!$X:$X, 水保局全省災害資料!$E:$E, A39, 水保局全省災害資料!$F:$F, B39, 水保局全省災害資料!$N:$N, H39)=0, "", SUMIFS(水保局全省災害資料!$X:$X, 水保局全省災害資料!$E:$E, A39, 水保局全省災害資料!$F:$F, B39, 水保局全省災害資料!$N:$N, H39)) | N39: 0 | O39: 2.4475897 | P39: 否 | Q39: 1 | S39: 450 | T39: C1V240 | U39: 新發 | V39: 941.5 | W39: 33 | X39: 943.8 | Y39: 39.5 | Z39: 111 | AA39: 257.5 | AB39: 421 | AC39: <2 | AD39: <2 | AE39: <2 | AF39: <2 | AG39: 2年 | AH39: 54.5 | AI39: 117 | AJ39: 222.5 | AK39: 328 | AL39: 466.5 | AM39: <2 | AN39: <2 | AO39: 2年 | AP39: 2年 | AQ39: 2年 | AR39: 62 | AS39: =IFERROR(INDEX(水保局全省災害資料!$X$2:$X$2000, MATCH(1, INDEX((水保局全省災害資料!$T$2:$T$2000=W39)*(水保局全省災害資料!$U$2:$U$2000=X39), 0, 1), 0)), "") | AT39: =IFERROR(INDEX(水保局全省災害資料!$T$2:$T$2000, MATCH(1, INDEX((水保局全省災害資料!$T$2:$T$2000=W39)*(水保局全省災害資料!$U$2:$U$2000=X39), 0, 1), 0)), "") | AU39: =IFERROR(INDEX(水保局全省災害資料!$U$2:$U$2000, MATCH(1, INDEX((水保局全省災害資料!$T$2:$T$2000=W39)*(水保局全省災害資料!$U$2:$U$2000=X39), 0, 1), 0)), "") | AV39: =IFERROR(INDEX(水保局全省災害資料!$B$2:$B$2000, MATCH(1, INDEX((水保局全省災害資料!$T$2:$T$2000=W39)*(水保局全省災害資料!$U$2:$U$2000=X39), 0, 1), 0)), "")
A40: 高雄市 | B40: 六龜區 | C40: 寶來里 | D40: 高市DF047 | E40: 寶來一橋 | F40: 溪流型 | G40: 97 | H40: 卡玫基颱風 | I40: 39646.958 | J40: 2 | K40: 0.91084475 | L40: 5.8 | M40: =IF(SUMIFS(水保局全省災害資料!$X:$X, 水保局全省災害資料!$E:$E, A40, 水保局全省災害資料!$F:$F, B40, 水保局全省災害資料!$N:$N, H40)=0, "", SUMIFS(水保局全省災害資料!$X:$X, 水保局全省災害資料!$E:$E, A40, 水保局全省災害資料!$F:$F, B40, 水保局全省災害資料!$N:$N, H40)) | N40: 3.0860913 | O40: 4.0438438 | P40: 否 | Q40: 2 | R40: 0.91084475 | S40: 450 | T40: C1V240 | U40: 新發 | V40: 1034.5 | W40: 144.5 | X40: 454.2 | Y40: 334 | Z40: 409 | AA40: 419 | AB40: 419 | AC40: 200年 | AD40: 200年 | AE40: 200年 | AF40: 10年 | AG40: 2年 | AH40: 148 | AI40: 368.5 | AJ40: 567 | AK40: 764.5 | AL40: 886.5 | AM40: 200年 | AN40: 200年 | AO40: 200年 | AP40: 200年 | AQ40: 200年 | AR40: 7 | AS40: =IFERROR(INDEX(水保局全省災害資料!$X$2:$X$2000, MATCH(1, INDEX((水保局全省災害資料!$T$2:$T$2000=W40)*(水保局全省災害資料!$U$2:$U$2000=X40), 0, 1), 0)), "") -> 0 | AT40: =IFERROR(INDEX(水保局全省災害資料!$T$2:$T$2000, MATCH(1, INDEX((水保局全省災害資料!$T$2:$T$2000=W40)*(水保局全省災害資料!$U$2:$U$2000=X40), 0, 1), 0)), "") -> 144.5 | AU40: =IFERROR(INDEX(水保局全省災害資料!$U$2:$U$2000, MATCH(1, INDEX((水保局全省災害資料!$T$2:$T$2000=W40)*(水保局全省災害資料!$U$2:$U$2000=X40), 0, 1), 0)), "") -> 454.2 | AV40: =IFERROR(INDEX(水保局全省災害資料!$B$2:$B$2000, MATCH(1, INDEX((水保局全省災害資料!$T$2:$T$2000=W40)*(水保局全省災害資料!$U$2:$U$2000=X40), 0, 1), 0)), "") -> 土石流
A41: 高雄市 | B41: 六龜區 | C41: 大津里 | D41: 高市DF049 | E41: 大津基督教會(津鳳宮旁) | F41: 坡面型 | G41: 95 | H41: 0609豪雨 | I41: 38877.75 | J41: 1 | L41: 0 | M41: =IF(SUMIFS(水保局全省災害資料!$X:$X, 水保局全省災害資料!$E:$E, A41, 水保局全省災害資料!$F:$F, B41, 水保局全省災害資料!$N:$N, H41)=0, "", SUMIFS(水保局全省災害資料!$X:$X, 水保局全省災害資料!$E:$E, A41, 水保局全省災害資料!$F:$F, B41, 水保局全省災害資料!$N:$N, H41)) | N41: 0 | O41: 8.6206897 | P41: 否 | Q41: 1 | S41: 400 | T41: C1V340 | U41: 大津 | V41: 565 | W41: 14.4 | X41: 336.4 | Y41: 42 | Z41: 129.5 | AA41: 195.5 | AB41: 219 | AC41: <2 | AD41: <2 | AE41: <2 | AF41: <2 | AG41: <2 | AH41: 72 | AI41: 111 | AJ41: 193 | AK41: 264.5 | AL41: 461 | AM41: 2年 | AN41: <2 | AO41: <2 | AP41: <2 | AQ41: 5年 | AR41: 16 | AS41: =IFERROR(INDEX(水保局全省災害資料!$X$2:$X$2000, MATCH(1, INDEX((水保局全省災害資料!$T$2:$T$2000=W41)*(水保局全省災害資料!$U$2:$U$2000=X41), 0, 1), 0)), "") -> 0 | AT41: =IFERROR(INDEX(水保局全省災害資料!$T$2:$T$2000, MATCH(1, INDEX((水保局全省災害資料!$T$2:$T$2000=W41)*(水保局全省災害資料!$U$2:$U$2000=X41), 0, 1), 0)), "") -> 14.4 | AU41: =IFERROR(INDEX(水保局全省災害資料!$U$2:$U$2000, MATCH(1, INDEX((水保局全省災害資料!$T$2:$T$2000=W41)*(水保局全省災害資料!$U$2:$U$2000=X41), 0, 1), 0)), "") -> 336.4 | AV41: =IFERROR(INDEX(水保局全省災害資料!$B$2:$B$2000, MATCH(1, INDEX((水保局全省災害資料!$T$2:$T$2000=W41)*(水保局全省災害資料!$U$2:$U$2000=X41), 0, 1), 0)), "") -> 土石流
A42: 高雄市 | B42: 六龜區 | C42: 大津里 | D42: 高市DF049 | E42: 大津基督教會(津鳳宮旁) | F42: 坡面型 | G42: 98 | H42: 莫拉克颱風 | I42: 40033.208 | J42: 2 | K42: 3.1656393 | L42: 0.3 | M42: =IF(SUMIFS(水保局全省災害資料!$X:$X, 水保局全省災害資料!$E:$E, A42, 水保局全省災害資料!$F:$F, B42, 水保局全省災害資料!$N:$N, H42)=0, "", SUMIFS(水保局全省災害資料!$X:$X, 水保局全省災害資料!$E:$E, A42, 水保局全省災害資料!$F:$F, B42, 水保局全省災害資料!$N:$N, H42)) | N42: 2.5862069 | O42: 19.827586 | P42: 否 | Q42: 2 | R42: 3.1656393 | S42: 400 | T42: C1V340 | U42: 大津 | V42: 1211 | W42: 32.5 | X42: 534.5 | Y42: 98 | Z42: 145 | AA42: 220 | AB42: 320 | AC42: <2 | AD42: <2 | AE42: <2 | AF42: <2 | AG42: <2 | AH42: 52.5 | AI42: 124 | AJ42: 244 | AK42: 416 | AL42: 743 | AM42: <2 | AN42: <2 | AO42: 5年 | AP42: 10年 | AQ42: 100年 | AR42: 32 | AS42: =IFERROR(INDEX(水保局全省災害資料!$X$2:$X$2000, MATCH(1, INDEX((水保局全省災害資料!$T$2:$T$2000=W42)*(水保局全省災害資料!$U$2:$U$2000=X42), 0, 1), 0)), "") -> 0 | AT42: =IFERROR(INDEX(水保局全省災害資料!$T$2:$T$2000, MATCH(1, INDEX((水保局全省災害資料!$T$2:$T$2000=W42)*(水保局全省災害資料!$U$2:$U$2000=X42), 0, 1), 0)), "") -> 32.5 | AU42: =IFERROR(INDEX(水保局全省災害資料!$U$2:$U$2000, MATCH(1, INDEX((水保局全省災害資料!$T$2:$T$2000=W42)*(水保局全省災害資料!$U$2:$U$2000=X42), 0, 1), 0)), "") -> 534.5 | AV42: =IFERROR(INDEX(水保局全省災害資料!$B$2:$B$2000, MATCH(1, INDEX((水保局全省災害資料!$T$2:$T$2000=W42)*(水保局全省災害資料!$U$2:$U$2000=X42), 0, 1), 0)), "") -> 土石流
A43: 高雄市 | B43: 六龜區 | C43: 大津里 | D43: 高市DF050 | E43: 六輕橋(大津里) | F43: 溪流型 | G43: 99 | H43: 凡那比颱風 | I43: 40440.75 | J43: 2 | K43: 5.173516 | L43: 7.4 | M43: =IF(SUMIFS(水保局全省災害資料!$X:$X, 水保局全省災害資料!$E:$E, A43, 水保局全省災害資料!$F:$F, B43, 水保局全省災害資料!$N:$N, H43)=0, "", SUMIFS(水保局全省災害資料!$X:$X, 水保局全省災害資料!$E:$E, A43, 水保局全省災害資料!$F:$F, B43, 水保局全省災害資料!$N:$N, H43)) | N43: 4.4016179 | O43: 4.2350702 | P43: 否 | Q43: 2 | R43: 5.173516 | S43: 200 | T43: C1V340 | U43: 大津 | V43: 584.5 | W43: 45 | X43: 322 | Y43: 68.5 | Z43: 149.5 | AA43: 267 | AB43: 314 | AC43: <2 | AD43: <2 | AE43: <2 | AF43: <2 | AG43: <2 | AH43: 72 | AI43: 184.5 | AJ43: 262.5 | AK43: 411 | AL43: 584.5 | AM43: 2年 | AN43: 10年 | AO43: 5年 | AP43: 10年 | AQ43: 25年 | AR43: 16 | AS43: =IFERROR(INDEX(水保局全省災害資料!$X$2:$X$2000, MATCH(1, INDEX((水保局全省災害資料!$T$2:$T$2000=W43)*(水保局全省災害資料!$U$2:$U$2000=X43), 0, 1), 0)), "") -> 0 | AT43: =IFERROR(INDEX(水保局全省災害資料!$T$2:$T$2000, MATCH(1, INDEX((水保局全省災害資料!$T$2:$T$2000=W43)*(水保局全省災害資料!$U$2:$U$2000=X43), 0, 1), 0)), "") -> 45 | AU43: =IFERROR(INDEX(水保局全省災害資料!$U$2:$U$2000, MATCH(1, INDEX((水保局全省災害資料!$T$2:$T$2000=W43)*(水保局全省災害資料!$U$2:$U$2000=X43), 0, 1), 0)), "") -> 322 | AV43: =IFERROR(INDEX(水保局全省災害資料!$B$2:$B$2000, MATCH(1, INDEX((水保局全省災害資料!$T$2:$T$2000=W43)*(水保局全省災害資料!$U$2:$U$2000=X43), 0, 1), 0)), "") -> 土石流
A44: 高雄市 | B44: 六龜區 | C44: 大津里 | D44: 高市DF050 | E44: 六輕橋(大津里) | F44: 溪流型 | G44: 113 | H44: 凱米颱風 | I44: 45498.458 | J44: 3 | K44: 13.856735 | L44: 0.849 | M44: =IF(SUMIFS(水保局全省災害資料!$X:$X, 水保局全省災害資料!$E:$E, A44, 水保局全省災害資料!$F:$F, B44, 水保局全省災害資料!$N:$N, H44)=0, "", SUMIFS(水保局全省災害資料!$X:$X, 水保局全省災害資料!$E:$E, A44, 水保局全省災害資料!$F:$F, B44, 水保局全省災害資料!$N:$N, H44)) -> 0.89 | N44: 0.50499643 | O44: 3.1340709 | P44: 否 | Q44: 3 | R44: 13.856735 | S44: 350 | T44: C1V340 | U44: 大津 | V44: 1235.5 | W44: 105.5 | X44: 861.5 | Y44: 265 | Z44: 452 | AA44: 656 | AB44: 865 | AC44: 25年 | AD44: 200年 | AE44: 200年 | AF44: 200年 | AG44: 200年 | AH44: 105.5 | AI44: 266.5 | AJ44: 479.5 | AK44: 763.5 | AL44: 989 | AM44: 25年 | AN44: 200年 | AO44: 200年 | AP44: 200年 | AQ44: 200年 | AR44: 24 | AS44: =IFERROR(INDEX(水保局全省災害資料!$X$2:$X$2000, MATCH(1, INDEX((水保局全省災害資料!$T$2:$T$2000=W44)*(水保局全省災害資料!$U$2:$U$2000=X44), 0, 1), 0)), "") -> 0 | AT44: =IFERROR(INDEX(水保局全省災害資料!$T$2:$T$2000, MATCH(1, INDEX((水保局全省災害資料!$T$2:$T$2000=W44)*(水保局全省災害資料!$U$2:$U$2000=X44), 0, 1), 0)), "") -> 105.5 | AU44: =IFERROR(INDEX(水保局全省災害資料!$U$2:$U$2000, MATCH(1, INDEX((水保局全省災害資料!$T$2:$T$2000=W44)*(水保局全省災害資料!$U$2:$U$2000=X44), 0, 1), 0)), "") -> 861.5 | AV44: =IFERROR(INDEX(水保局全省災害資料!$B$2:$B$2000, MATCH(1, INDEX((水保局全省災害資料!$T$2:$T$2000=W44)*(水保局全省災害資料!$U$2:$U$2000=X44), 0, 1), 0)), "") -> 土石流
A45: 高雄市 | B45: 六龜區 | C45: 中興里 | D45: 高市DF053 | E45: 慧濟寺 | F45: 坡面型 | G45: 97 | H45: 卡玫基颱風 | I45: 39647.083 | J45: 1 | L45: 0 | M45: =IF(SUMIFS(水保局全省災害資料!$X:$X, 水保局全省災害資料!$E:$E, A45, 水保局全省災害資料!$F:$F, B45, 水保局全省災害資料!$N:$N, H45)=0, "", SUMIFS(水保局全省災害資料!$X:$X, 水保局全省災害資料!$E:$E, A45, 水保局全省災害資料!$F:$F, B45, 水保局全省災害資料!$N:$N, H45)) | N45: 0 | O45: 0 | P45: 否 | Q45: 1 | S45: 450 | T45: C1V240 | U45: 新發 | V45: 1034.5 | W45: 37.5 | X45: 662 | Y45: 232 | Z45: 566 | AA45: 651 | AB45: 651 | AC45: <2 | AD45: 50年 | AE45: 200年 | AF45: 200年 | AG45: 25年 | AH45: 148 | AI45: 368.5 | AJ45: 567 | AK45: 764.5 | AL45: 886.5 | AM45: 200年 | AN45: 200年 | AO45: 200年 | AP45: 200年 | AQ45: 200年 | AR45: 10 | AS45: =IFERROR(INDEX(水保局全省災害資料!$X$2:$X$2000, MATCH(1, INDEX((水保局全省災害資料!$T$2:$T$2000=W45)*(水保局全省災害資料!$U$2:$U$2000=X45), 0, 1), 0)), "") | AT45: =IFERROR(INDEX(水保局全省災害資料!$T$2:$T$2000, MATCH(1, INDEX((水保局全省災害資料!$T$2:$T$2000=W45)*(水保局全省災害資料!$U$2:$U$2000=X45), 0, 1), 0)), "") | AU45: =IFERROR(INDEX(水保局全省災害資料!$U$2:$U$2000, MATCH(1, INDEX((水保局全省災害資料!$T$2:$T$2000=W45)*(水保局全省災害資料!$U$2:$U$2000=X45), 0, 1), 0)), "") | AV45: =IFERROR(INDEX(水保局全省災害資料!$B$2:$B$2000, MATCH(1, INDEX((水保局全省災害資料!$T$2:$T$2000=W45)*(水保局全省災害資料!$U$2:$U$2000=X45), 0, 1), 0)), "")
A46: 高雄市 | B46: 六龜區 | C46: 中興里 | D46: 高市DF053 | E46: 慧濟寺 | F46: 坡面型 | G46: 98 | H46: 莫拉克颱風 | I46: 40033.833 | J46: 2 | K46: 1.059589 | L46: 0 | M46: =IF(SUMIFS(水保局全省災害資料!$X:$X, 水保局全省災害資料!$E:$E, A46, 水保局全省災害資料!$F:$F, B46, 水保局全省災害資料!$N:$N, H46)=0, "", SUMIFS(水保局全省災害資料!$X:$X, 水保局全省災害資料!$E:$E, A46, 水保局全省災害資料!$F:$F, B46, 水保局全省災害資料!$N:$N, H46)) | N46: 0 | O46: 1.0076817 | P46: 否 | Q46: 2 | R46: 1.059589 | S46: 400 | T46: C1V240 | U46: 新發 | V46: 2418 | W46: 56 | X46: 1271.6 | Y46: 241 | Z46: 473.5 | AA46: 684 | AB46: 1033.5 | AC46: <2 | AD46: 50年 | AE46: 200年 | AF46: 200年 | AG46: 200年 | AH46: 103 | AI46: 253.5 | AJ46: 473.5 | AK46: 786.5 | AL46: 1199.5 | AM46: 10年 | AN46: 100年 | AO46: 200年 | AP46: 200年 | AQ46: 200年 | AR46: 47 | AS46: =IFERROR(INDEX(水保局全省災害資料!$X$2:$X$2000, MATCH(1, INDEX((水保局全省災害資料!$T$2:$T$2000=W46)*(水保局全省災害資料!$U$2:$U$2000=X46), 0, 1), 0)), "") -> 0 | AT46: =IFERROR(INDEX(水保局全省災害資料!$T$2:$T$2000, MATCH(1, INDEX((水保局全省災害資料!$T$2:$T$2000=W46)*(水保局全省災害資料!$U$2:$U$2000=X46), 0, 1), 0)), "") -> 56 | AU46: =IFERROR(INDEX(水保局全省災害資料!$U$2:$U$2000, MATCH(1, INDEX((水保局全省災害資料!$T$2:$T$2000=W46)*(水保局全省災害資料!$U$2:$U$2000=X46), 0, 1), 0)), "") -> 1271.6 | AV46: =IFERROR(INDEX(水保局全省災害資料!$B$2:$B$2000, MATCH(1, INDEX((水保局全省災害資料!$T$2:$T$2000=W46)*(水保局全省災害資料!$U$2:$U$2000=X46), 0, 1), 0)), "") -> 土石流 、崩塌
A47: 高雄市 | B47: 六龜區 | C47: 中興里 | D47: 高市DF053 | E47: 慧濟寺 | F47: 坡面型 | G47: 113 | H47: 凱米颱風 | I47: 45498.5 | J47: 3 | K47: 14.971689 | L47: 0.28 | M47: =IF(SUMIFS(水保局全省災害資料!$X:$X, 水保局全省災害資料!$E:$E, A47, 水保局全省災害資料!$F:$F, B47, 水保局全省災害資料!$N:$N, H47)=0, "", SUMIFS(水保局全省災害資料!$X:$X, 水保局全省災害資料!$E:$E, A47, 水保局全省災害資料!$F:$F, B47, 水保局全省災害資料!$N:$N, H47)) -> 0.89 | N47: 0.32054951 | O47: 2.2896394 | P47: 否 | Q47: 3 | R47: 14.971689 | S47: 350 | T47: C0V800 | U47: 六龜 | V47: 1379 | W47: 89.5 | X47: 796.8 | Y47: 180 | Z47: 307 | AA47: 527 | AB47: 749.5 | AC47: 5年 | AD47: 10年 | AE47: 25年 | AF47: 100年 | AG47: 200年 | AH47: 89.5 | AI47: 213.5 | AJ47: 339.5 | AK47: 604.5 | AL47: 950 | AM47: 5年 | AN47: 25年 | AO47: 50年 | AP47: 200年 | AQ47: 200年 | AR47: 26 | AS47: =IFERROR(INDEX(水保局全省災害資料!$X$2:$X$2000, MATCH(1, INDEX((水保局全省災害資料!$T$2:$T$2000=W47)*(水保局全省災害資料!$U$2:$U$2000=X47), 0, 1), 0)), "") -> 0.75 | AT47: =IFERROR(INDEX(水保局全省災害資料!$T$2:$T$2000, MATCH(1, INDEX((水保局全省災害資料!$T$2:$T$2000=W47)*(水保局全省災害資料!$U$2:$U$2000=X47), 0, 1), 0)), "") -> 89.5 | AU47: =IFERROR(INDEX(水保局全省災害資料!$U$2:$U$2000, MATCH(1, INDEX((水保局全省災害資料!$T$2:$T$2000=W47)*(水保局全省災害資料!$U$2:$U$2000=X47), 0, 1), 0)), "") -> 796.8 | AV47: =IFERROR(INDEX(水保局全省災害資料!$B$2:$B$2000, MATCH(1, INDEX((水保局全省災害資料!$T$2:$T$2000=W47)*(水保局全省災害資料!$U$2:$U$2000=X47), 0, 1), 0)), "") -> 土石流
A48: 高雄市 | B48: 六龜區 | C48: 新發里 | D48: 高市DF055 | E48: 紅水仙橋 | F48: 坡面型 | G48: 98 | H48: 莫拉克颱風 | I48: 40033.833 | J48: 2 | K48: 4.0583333 | L48: 0 | M48: =IF(SUMIFS(水保局全省災害資料!$X:$X, 水保局全省災害資料!$E:$E, A48, 水保局全省災害資料!$F:$F, B48, 水保局全省災害資料!$N:$N, H48)=0, "", SUMIFS(水保局全省災害資料!$X:$X, 水保局全省災害資料!$E:$E, A48, 水保局全省災害資料!$F:$F, B48, 水保局全省災害資料!$N:$N, H48)) | N48: 0 | O48: 20.219402 | P48: 否 | Q48: 2 | R48: 4.0583333 | S48: 400 | T48: C1V240 | U48: 新發 | V48: 2418 | W48: 56 | X48: 1271.6 | Y48: 241 | Z48: 473.5 | AA48: 684 | AB48: 1033.5 | AC48: <2 | AD48: 50年 | AE48: 200年 | AF48: 200年 | AG48: 200年 | AH48: 103 | AI48: 253.5 | AJ48: 473.5 | AK48: 786.5 | AL48: 1199.5 | AM48: 10年 | AN48: 100年 | AO48: 200年 | AP48: 200年 | AQ48: 200年 | AR48: 47 | AS48: =IFERROR(INDEX(水保局全省災害資料!$X$2:$X$2000, MATCH(1, INDEX((水保局全省災害資料!$T$2:$T$2000=W48)*(水保局全省災害資料!$U$2:$U$2000=X48), 0, 1), 0)), "") -> 0 | AT48: =IFERROR(INDEX(水保局全省災害資料!$T$2:$T$2000, MATCH(1, INDEX((水保局全省災害資料!$T$2:$T$2000=W48)*(水保局全省災害資料!$U$2:$U$2000=X48), 0, 1), 0)), "") -> 56 | AU48: =IFERROR(INDEX(水保局全省災害資料!$U$2:$U$2000, MATCH(1, INDEX((水保局全省災害資料!$T$2:$T$2000=W48)*(水保局全省災害資料!$U$2:$U$2000=X48), 0, 1), 0)), "") -> 1271.6 | AV48: =IFERROR(INDEX(水保局全省災害資料!$B$2:$B$2000, MATCH(1, INDEX((水保局全省災害資料!$T$2:$T$2000=W48)*(水保局全省災害資料!$U$2:$U$2000=X48), 0, 1), 0)), "") -> 土石流 、崩塌
A49: 高雄市 | B49: 六龜區 | C49: 大津里 | D49: 高市DF075 | E49: 津鳳宮 | F49: 坡面型 | G49: 95 | H49: 0609豪雨 | I49: 38878.25 | J49: 1 | L49: 0 | M49: =IF(SUMIFS(水保局全省災害資料!$X:$X, 水保局全省災害資料!$E:$E, A49, 水保局全省災害資料!$F:$F, B49, 水保局全省災害資料!$N:$N, H49)=0, "", SUMIFS(水保局全省災害資料!$X:$X, 水保局全省災害資料!$E:$E, A49, 水保局全省災害資料!$F:$F, B49, 水保局全省災害資料!$N:$N, H49)) | N49: 0 | O49: 10.351967 | P49: 否 | Q49: 1 | S49: 400 | T49: C1V340 | U49: 大津 | V49: 705 | W49: 48.5 | X49: 431.6 | Y49: 80 | Z49: 103 | AA49: 176.5 | AB49: 372 | AC49: <2 | AD49: <2 | AE49: <2 | AF49: <2 | AG49: <2 | AH49: 72 | AI49: 111 | AJ49: 193 | AK49: 264.5 | AL49: 461 | AM49: 2年 | AN49: <2 | AO49: <2 | AP49: <2 | AQ49: 5年 | AR49: 28 | AS49: =IFERROR(INDEX(水保局全省災害資料!$X$2:$X$2000, MATCH(1, INDEX((水保局全省災害資料!$T$2:$T$2000=W49)*(水保局全省災害資料!$U$2:$U$2000=X49), 0, 1), 0)), "") -> 0 | AT49: =IFERROR(INDEX(水保局全省災害資料!$T$2:$T$2000, MATCH(1, INDEX((水保局全省災害資料!$T$2:$T$2000=W49)*(水保局全省災害資料!$U$2:$U$2000=X49), 0, 1), 0)), "") -> 48.5 | AU49: =IFERROR(INDEX(水保局全省災害資料!$U$2:$U$2000, MATCH(1, INDEX((水保局全省災害資料!$T$2:$T$2000=W49)*(水保局全省災害資料!$U$2:$U$2000=X49), 0, 1), 0)), "") -> 431.6 | AV49: =IFERROR(INDEX(水保局全省災害資料!$B$2:$B$2000, MATCH(1, INDEX((水保局全省災害資料!$T$2:$T$2000=W49)*(水保局全省災害資料!$U$2:$U$2000=X49), 0, 1), 0)), "") -> 土石流
A50: 高雄市 | B50: 六龜區 | C50: 大津里 | D50: 高市DF075 | E50: 津鳳宮 | F50: 坡面型 | G50: 98 | H50: 莫拉克颱風 | I50: 40033.208 | J50: 2 | K50: 3.1642694 | L50: 0 | M50: =IF(SUMIFS(水保局全省災害資料!$X:$X, 水保局全省災害資料!$E:$E, A50, 水保局全省災害資料!$F:$F, B50, 水保局全省災害資料!$N:$N, H50)=0, "", SUMIFS(水保局全省災害資料!$X:$X, 水保局全省災害資料!$E:$E, A50, 水保局全省災害資料!$F:$F, B50, 水保局全省災害資料!$N:$N, H50)) | N50: 0 | O50: 12.6294 | P50: 否 | Q50: 2 | R50: 3.1642694 | S50: 400 | T50: C1V340 | U50: 大津 | V50: 1211 | W50: 32.5 | X50: 534.5 | Y50: 98 | Z50: 145 | AA50: 220 | AB50: 320 | AC50: <2 | AD50: <2 | AE50: <2 | AF50: <2 | AG50: <2 | AH50: 52.5 | AI50: 124 | AJ50: 244 | AK50: 416 | AL50: 743 | AM50: <2 | AN50: <2 | AO50: 5年 | AP50: 10年 | AQ50: 100年 | AR50: 32 | AS50: =IFERROR(INDEX(水保局全省災害資料!$X$2:$X$2000, MATCH(1, INDEX((水保局全省災害資料!$T$2:$T$2000=W50)*(水保局全省災害資料!$U$2:$U$2000=X50), 0, 1), 0)), "") -> 0 | AT50: =IFERROR(INDEX(水保局全省災害資料!$T$2:$T$2000, MATCH(1, INDEX((水保局全省災害資料!$T$2:$T$2000=W50)*(水保局全省災害資料!$U$2:$U$2000=X50), 0, 1), 0)), "") -> 32.5 | AU50: =IFERROR(INDEX(水保局全省災害資料!$U$2:$U$2000, MATCH(1, INDEX((水保局全省災害資料!$T$2:$T$2000=W50)*(水保局全省災害資料!$U$2:$U$2000=X50), 0, 1), 0)), "") -> 534.5 | AV50: =IFERROR(INDEX(水保局全省災害資料!$B$2:$B$2000, MATCH(1, INDEX((水保局全省災害資料!$T$2:$T$2000=W50)*(水保局全省災害資料!$U$2:$U$2000=X50), 0, 1), 0)), "") -> 土石流
A51: 高雄市 | B51: 六龜區 | C51: 大津里 | D51: 高市DF075 | E51: 津鳳宮 | F51: 坡面型 | G51: 99 | H51: 凡那比颱風 | I51: 40440.875 | J51: 3 | K51: 1.116895 | L51: 0.9 | M51: =IF(SUMIFS(水保局全省災害資料!$X:$X, 水保局全省災害資料!$E:$E, A51, 水保局全省災害資料!$F:$F, B51, 水保局全省災害資料!$N:$N, H51)=0, "", SUMIFS(水保局全省災害資料!$X:$X, 水保局全省災害資料!$E:$E, A51, 水保局全省災害資料!$F:$F, B51, 水保局全省災害資料!$N:$N, H51)) | N51: 4.6583851 | O51: 7.0482246 | P51: 否 | Q51: 3 | R51: 1.116895 | S51: 200 | T51: C1V340 | U51: 大津 | V51: 584.5 | W51: 22 | X51: 482.5 | Y51: 165.5 | Z51: 234 | AA51: 398.5 | AB51: 479.5 | AC51: <2 | AD51: 5年 | AE51: 2年 | AF51: 10年 | AG51: 5年 | AH51: 72 | AI51: 184.5 | AJ51: 262.5 | AK51: 411 | AL51: 584.5 | AM51: 2年 | AN51: 10年 | AO51: 5年 | AP51: 10年 | AQ51: 25年 | AR51: 19 | AS51: =IFERROR(INDEX(水保局全省災害資料!$X$2:$X$2000, MATCH(1, INDEX((水保局全省災害資料!$T$2:$T$2000=W51)*(水保局全省災害資料!$U$2:$U$2000=X51), 0, 1), 0)), "") -> 0 | AT51: =IFERROR(INDEX(水保局全省災害資料!$T$2:$T$2000, MATCH(1, INDEX((水保局全省災害資料!$T$2:$T$2000=W51)*(水保局全省災害資料!$U$2:$U$2000=X51), 0, 1), 0)), "") -> 22 | AU51: =IFERROR(INDEX(水保局全省災害資料!$U$2:$U$2000, MATCH(1, INDEX((水保局全省災害資料!$T$2:$T$2000=W51)*(水保局全省災害資料!$U$2:$U$2000=X51), 0, 1), 0)), "") -> 482.5 | AV51: =IFERROR(INDEX(水保局全省災害資料!$B$2:$B$2000, MATCH(1, INDEX((水保局全省災害資料!$T$2:$T$2000=W51)*(水保局全省災害資料!$U$2:$U$2000=X51), 0, 1), 0)), "") -> 土石流
A52: 高雄市 | B52: 六龜區 | C52: 興龍里 | D52: 高市DF076 | E52: 舊潭二號橋 | F52: 溪流型 | G52: 98 | H52: 莫拉克颱風 | I52: 40034.167 | J52: 1 | L52: 0 | M52: =IF(SUMIFS(水保局全省災害資料!$X:$X, 水保局全省災害資料!$E:$E, A52, 水保局全省災害資料!$F:$F, B52, 水保局全省災害資料!$N:$N, H52)=0, "", SUMIFS(水保局全省災害資料!$X:$X, 水保局全省災害資料!$E:$E, A52, 水保局全省災害資料!$F:$F, B52, 水保局全省災害資料!$N:$N, H52)) | N52: 0 | O52: 5.3664686 | P52: 否 | Q52: 1 | S52: 400 | T52: C1V240 | U52: 新發 | V52: 2418 | W52: 29.5 | X52: 1615 | Y52: 66 | Z52: 178 | AA52: 611.5 | AB52: 1174.5 | AC52: <2 | AD52: <2 | AE52: <2 | AF52: 200年 | AG52: 200年 | AH52: 103 | AI52: 253.5 | AJ52: 473.5 | AK52: 786.5 | AL52: 1199.5 | AM52: 10年 | AN52: 100年 | AO52: 200年 | AP52: 200年 | AQ52: 200年 | AR52: 55 | AS52: =IFERROR(INDEX(水保局全省災害資料!$X$2:$X$2000, MATCH(1, INDEX((水保局全省災害資料!$T$2:$T$2000=W52)*(水保局全省災害資料!$U$2:$U$2000=X52), 0, 1), 0)), "") | AT52: =IFERROR(INDEX(水保局全省災害資料!$T$2:$T$2000, MATCH(1, INDEX((水保局全省災害資料!$T$2:$T$2000=W52)*(水保局全省災害資料!$U$2:$U$2000=X52), 0, 1), 0)), "") | AU52: =IFERROR(INDEX(水保局全省災害資料!$U$2:$U$2000, MATCH(1, INDEX((水保局全省災害資料!$T$2:$T$2000=W52)*(水保局全省災害資料!$U$2:$U$2000=X52), 0, 1), 0)), "") | AV52: =IFERROR(INDEX(水保局全省災害資料!$B$2:$B$2000, MATCH(1, INDEX((水保局全省災害資料!$T$2:$T$2000=W52)*(水保局全省災害資料!$U$2:$U$2000=X52), 0, 1), 0)), "")
A53: 高雄市 | B53: 六龜區 | C53: 興龍里 | D53: 高市DF076 | E53: 舊潭二號橋 | F53: 溪流型 | G53: 101 | H53: 0610豪雨 | I53: 41070.583 | J53: 2 | K53: 2.8394977 | L53: 0.6 | M53: =IF(SUMIFS(水保局全省災害資料!$X:$X, 水保局全省災害資料!$E:$E, A53, 水保局全省災害資料!$F:$F, B53, 水保局全省災害資料!$N:$N, H53)=0, "", SUMIFS(水保局全省災害資料!$X:$X, 水保局全省災害資料!$E:$E, A53, 水保局全省災害資料!$F:$F, B53, 水保局全省災害資料!$N:$N, H53)) | N53: 0.54024851 | O53: 0.18908698 | P53: 否 | Q53: 2 | R53: 2.8394977 | S53: 250 | T53: C1V240 | U53: 新發 | V53: 1141.5 | W53: 19.5 | X53: 312.6 | Y53: 29 | Z53: 136.5 | AA53: 230 | AB53: 283.5 | AC53: <2 | AD53: <2 | AE53: <2 | AF53: <2 | AG53: <2 | AH53: 65.5 | AI53: 122 | AJ53: 171 | AK53: 260 | AL53: 422 | AM53: <2 | AN53: <2 | AO53: <2 | AP53: <2 | AQ53: 2年 | AR53: 23 | AS53: =IFERROR(INDEX(水保局全省災害資料!$X$2:$X$2000, MATCH(1, INDEX((水保局全省災害資料!$T$2:$T$2000=W53)*(水保局全省災害資料!$U$2:$U$2000=X53), 0, 1), 0)), "") | AT53: =IFERROR(INDEX(水保局全省災害資料!$T$2:$T$2000, MATCH(1, INDEX((水保局全省災害資料!$T$2:$T$2000=W53)*(水保局全省災害資料!$U$2:$U$2000=X53), 0, 1), 0)), "") | AU53: =IFERROR(INDEX(水保局全省災害資料!$U$2:$U$2000, MATCH(1, INDEX((水保局全省災害資料!$T$2:$T$2000=W53)*(水保局全省災害資料!$U$2:$U$2000=X53), 0, 1), 0)), "") | AV53: =IFERROR(INDEX(水保局全省災害資料!$B$2:$B$2000, MATCH(1, INDEX((水保局全省災害資料!$T$2:$T$2000=W53)*(水保局全省災害資料!$U$2:$U$2000=X53), 0, 1), 0)), "")
A54: 高雄市 | B54: 六龜區 | C54: 荖濃里 | D54: 高市DF097 | E54: 頂荖濃 | F54: 溪流型 | G54: 98 | H54: 莫拉克颱風 | I54: 40034.958 | J54: 1 | L54: 0 | M54: =IF(SUMIFS(水保局全省災害資料!$X:$X, 水保局全省災害資料!$E:$E, A54, 水保局全省災害資料!$F:$F, B54, 水保局全省災害資料!$N:$N, H54)=0, "", SUMIFS(水保局全省災害資料!$X:$X, 水保局全省災害資料!$E:$E, A54, 水保局全省災害資料!$F:$F, B54, 水保局全省災害資料!$N:$N, H54)) | N54: 0 | O54: 5.8207218 | P54: 否 | Q54: 1 | S54: 400 | T54: C1V240 | U54: 新發 | V54: 2418 | W54: 14.5 | X54: 1937 | Y54: 37 | Z54: 49.5 | AA54: 136.5 | AB54: 448 | AC54: <2 | AD54: <2 | AE54: <2 | AF54: <2 | AG54: 2年 | AH54: 103 | AI54: 253.5 | AJ54: 473.5 | AK54: 786.5 | AL54: 1199.5 | AM54: 10年 | AN54: 100年 | AO54: 200年 | AP54: 200年 | AQ54: 200年 | AR54: 74 | AS54: =IFERROR(INDEX(水保局全省災害資料!$X$2:$X$2000, MATCH(1, INDEX((水保局全省災害資料!$T$2:$T$2000=W54)*(水保局全省災害資料!$U$2:$U$2000=X54), 0, 1), 0)), "") | AT54: =IFERROR(INDEX(水保局全省災害資料!$T$2:$T$2000, MATCH(1, INDEX((水保局全省災害資料!$T$2:$T$2000=W54)*(水保局全省災害資料!$U$2:$U$2000=X54), 0, 1), 0)), "") | AU54: =IFERROR(INDEX(水保局全省災害資料!$U$2:$U$2000, MATCH(1, INDEX((水保局全省災害資料!$T$2:$T$2000=W54)*(水保局全省災害資料!$U$2:$U$2000=X54), 0, 1), 0)), "") | AV54: =IFERROR(INDEX(水保局全省災害資料!$B$2:$B$2000, MATCH(1, INDEX((水保局全省災害資料!$T$2:$T$2000=W54)*(水保局全省災害資料!$U$2:$U$2000=X54), 0, 1), 0)), "")
A55: 高雄市 | B55: 六龜區 | C55: 荖濃里 | D55: 高市DF097 | E55: 頂荖濃 | F55: 溪流型 | G55: 99 | H55: 凡那比颱風 | I55: 40440.875 | J55: 2 | K55: 1.1121005 | L55: 2.47 | M55: =IF(SUMIFS(水保局全省災害資料!$X:$X, 水保局全省災害資料!$E:$E, A55, 水保局全省災害資料!$F:$F, B55, 水保局全省災害資料!$N:$N, H55)=0, "", SUMIFS(水保局全省災害資料!$X:$X, 水保局全省災害資料!$E:$E, A55, 水保局全省災害資料!$F:$F, B55, 水保局全省災害資料!$N:$N, H55)) | N55: 5.7508731 | O55: 5.774156 | P55: 否 | Q55: 2 | R55: 1.1121005 | S55: 200 | T55: C1V240 | U55: 新發 | V55: 510 | W55: 27 | X55: 444.4 | Y55: 140.5 | Z55: 164 | AA55: 290 | AB55: 290 | AC55: <2 | AD55: 2年 | AE55: <2 | AF55: 2年 | AG55: <2 | AH55: 66.5 | AI55: 140.5 | AJ55: 201 | AK55: 290 | AL55: 510 | AM55: <2 | AN55: 2年 | AO55: <2 | AP55: 2年 | AQ55: 5年 | AR55: 19 | AS55: =IFERROR(INDEX(水保局全省災害資料!$X$2:$X$2000, MATCH(1, INDEX((水保局全省災害資料!$T$2:$T$2000=W55)*(水保局全省災害資料!$U$2:$U$2000=X55), 0, 1), 0)), "") | AT55: =IFERROR(INDEX(水保局全省災害資料!$T$2:$T$2000, MATCH(1, INDEX((水保局全省災害資料!$T$2:$T$2000=W55)*(水保局全省災害資料!$U$2:$U$2000=X55), 0, 1), 0)), "") | AU55: =IFERROR(INDEX(水保局全省災害資料!$U$2:$U$2000, MATCH(1, INDEX((水保局全省災害資料!$T$2:$T$2000=W55)*(水保局全省災害資料!$U$2:$U$2000=X55), 0, 1), 0)), "") | AV55: =IFERROR(INDEX(水保局全省災害資料!$B$2:$B$2000, MATCH(1, INDEX((水保局全省災害資料!$T$2:$T$2000=W55)*(水保局全省災害資料!$U$2:$U$2000=X55), 0, 1), 0)), "")
A56: 高雄市 | B56: 六龜區 | C56: 荖濃里 | D56: 高市DF097 | E56: 頂荖濃 | F56: 溪流型 | G56: 102 | H56: 蘇力颱風 | I56: 41468.708 | J56: 3 | K56: 2.8159817 | L56: 0.987 | M56: =IF(SUMIFS(水保局全省災害資料!$X:$X, 水保局全省災害資料!$E:$E, A56, 水保局全省災害資料!$F:$F, B56, 水保局全省災害資料!$N:$N, H56)=0, "", SUMIFS(水保局全省災害資料!$X:$X, 水保局全省災害資料!$E:$E, A56, 水保局全省災害資料!$F:$F, B56, 水保局全省災害資料!$N:$N, H56)) | N56: 2.298021 | O56: 2.1327125 | P56: 否 | Q56: 3 | R56: 2.8159817 | S56: 250 | T56: C1V240 | U56: 新發 | V56: 332 | W56: 0.5 | X56: 344.2 | Y56: 0.5 | Z56: 14.5 | AA56: 237 | AB56: 332 | AC56: <2 | AD56: <2 | AE56: <2 | AF56: <2 | AG56: <2 | AH56: 57 | AI56: 128 | AJ56: 222.5 | AK56: 316.5 | AL56: 332 | AM56: <2 | AN56: <2 | AO56: 2年 | AP56: 2年 | AQ56: <2 | AR56: 17 | AS56: =IFERROR(INDEX(水保局全省災害資料!$X$2:$X$2000, MATCH(1, INDEX((水保局全省災害資料!$T$2:$T$2000=W56)*(水保局全省災害資料!$U$2:$U$2000=X56), 0, 1), 0)), "") -> 0 | AT56: =IFERROR(INDEX(水保局全省災害資料!$T$2:$T$2000, MATCH(1, INDEX((水保局全省災害資料!$T$2:$T$2000=W56)*(水保局全省災害資料!$U$2:$U$2000=X56), 0, 1), 0)), "") -> 0.5 | AU56: =IFERROR(INDEX(水保局全省災害資料!$U$2:$U$2000, MATCH(1, INDEX((水保局全省災害資料!$T$2:$T$2000=W56)*(水保局全省災害資料!$U$2:$U$2000=X56), 0, 1), 0)), "") -> 344.2 | AV56: =IFERROR(INDEX(水保局全省災害資料!$B$2:$B$2000, MATCH(1, INDEX((水保局全省災害資料!$T$2:$T$2000=W56)*(水保局全省災害資料!$U$2:$U$2000=X56), 0, 1), 0)), "") -> 洪水
A57: 高雄市 | B57: 六龜區 | C57: 荖濃里 | D57: 高市DF097 | E57: 頂荖濃 | F57: 溪流型 | G57: 105 | H57: 梅姬颱風 | I57: 42640.917 | J57: 4 | K57: 3.2115297 | L57: 0.522 | M57: =IF(SUMIFS(水保局全省災害資料!$X:$X, 水保局全省災害資料!$E:$E, A57, 水保局全省災害資料!$F:$F, B57, 水保局全省災害資料!$N:$N, H57)=0, "", SUMIFS(水保局全省災害資料!$X:$X, 水保局全省災害資料!$E:$E, A57, 水保局全省災害資料!$F:$F, B57, 水保局全省災害資料!$N:$N, H57)) | N57: 1.2153667 | O57: 1.2107101 | P57: 否 | Q57: 4 | R57: 3.2115297 | S57: 300 | T57: 81V820 | U57: 建山國小 | V57: 649 | W57: 73.5 | X57: 254.1 | Y57: 137 | Z57: 220.5 | AA57: 301 | AB57: 310 | AC57: 2年 | AD57: 2年 | AE57: 5年 | AF57: 5年 | AG57: <2 | AH57: 73.5 | AI57: 172.5 | AJ57: 247 | AK57: 455.5 | AL57: 649 | AM57: 2年 | AN57: 10年 | AO57: 10年 | AP57: 100年 | AQ57: 200年 | AR57: 12 | AS57: =IFERROR(INDEX(水保局全省災害資料!$X$2:$X$2000, MATCH(1, INDEX((水保局全省災害資料!$T$2:$T$2000=W57)*(水保局全省災害資料!$U$2:$U$2000=X57), 0, 1), 0)), "") | AT57: =IFERROR(INDEX(水保局全省災害資料!$T$2:$T$2000, MATCH(1, INDEX((水保局全省災害資料!$T$2:$T$2000=W57)*(水保局全省災害資料!$U$2:$U$2000=X57), 0, 1), 0)), "") | AU57: =IFERROR(INDEX(水保局全省災害資料!$U$2:$U$2000, MATCH(1, INDEX((水保局全省災害資料!$T$2:$T$2000=W57)*(水保局全省災害資料!$U$2:$U$2000=X57), 0, 1), 0)), "") | AV57: =IFERROR(INDEX(水保局全省災害資料!$B$2:$B$2000, MATCH(1, INDEX((水保局全省災害資料!$T$2:$T$2000=W57)*(水保局全省災害資料!$U$2:$U$2000=X57), 0, 1), 0)), "")
A58: 高雄市 | B58: 六龜區 | C58: 中興里 | D58: 高市DF114 | F58: 坡面型 | G58: 110 | H58: 0731豪雨 | I58: 44410.375 | J58: 1 | L58: 0 | M58: =IF(SUMIFS(水保局全省災害資料!$X:$X, 水保局全省災害資料!$E:$E, A58, 水保局全省災害資料!$F:$F, B58, 水保局全省災害資料!$N:$N, H58)=0, "", SUMIFS(水保局全省災害資料!$X:$X, 水保局全省災害資料!$E:$E, A58, 水保局全省災害資料!$F:$F, B58, 水保局全省災害資料!$N:$N, H58)) -> 0.21 | N58: 0 | O58: 1.0318143 | P58: 否 | Q58: 1 | S58: 350 | T58: C0V800 | U58: 六龜 | V58: 95.5 | W58: 8.5 | X58: 484.8 | Y58: 14.5 | Z58: 28.5 | AA58: 54.5 | AB58: 54.5 | AC58: <2 | AD58: <2 | AE58: <2 | AF58: <2 | AG58: <2 | AH58: 19 | AI58: 25.5 | AJ58: 44.5 | AK58: 69.5 | AL58: 95.5 | AM58: <2 | AN58: <2 | AO58: <2 | AP58: <2 | AQ58: <2 | AR58: 10 | AS58: =IFERROR(INDEX(水保局全省災害資料!$X$2:$X$2000, MATCH(1, INDEX((水保局全省災害資料!$T$2:$T$2000=W58)*(水保局全省災害資料!$U$2:$U$2000=X58), 0, 1), 0)), "") | AT58: =IFERROR(INDEX(水保局全省災害資料!$T$2:$T$2000, MATCH(1, INDEX((水保局全省災害資料!$T$2:$T$2000=W58)*(水保局全省災害資料!$U$2:$U$2000=X58), 0, 1), 0)), "") | AU58: =IFERROR(INDEX(水保局全省災害資料!$U$2:$U$2000, MATCH(1, INDEX((水保局全省災害資料!$T$2:$T$2000=W58)*(水保局全省災害資料!$U$2:$U$2000=X58), 0, 1), 0)), "") | AV58: =IFERROR(INDEX(水保局全省災害資料!$B$2:$B$2000, MATCH(1, INDEX((水保局全省災害資料!$T$2:$T$2000=W58)*(水保局全省災害資料!$U$2:$U$2000=X58), 0, 1), 0)), "")
A59: 高雄市 | B59: 六龜區 | C59: 中興里 | D59: 高市DF114 | F59: 坡面型 | G59: 113 | H59: 凱米颱風 | I59: 45498.292 | J59: 2 | K59: 2.9805936 | L59: 0.15 | M59: =IF(SUMIFS(水保局全省災害資料!$X:$X, 水保局全省災害資料!$E:$E, A59, 水保局全省災害資料!$F:$F, B59, 水保局全省災害資料!$N:$N, H59)=0, "", SUMIFS(水保局全省災害資料!$X:$X, 水保局全省災害資料!$E:$E, A59, 水保局全省災害資料!$F:$F, B59, 水保局全省災害資料!$N:$N, H59)) -> 0.89 | N59: 0.64488392 | O59: 0.64488392 | P59: 否 | Q59: 2 | R59: 2.9805936 | S59: 350 | T59: C0V800 | U59: 六龜 | V59: 1379 | W59: 53.5 | X59: 559.5 | Y59: 179.5 | Z59: 250 | AA59: 404.5 | AB59: 543.5 | AC59: <2 | AD59: 10年 | AE59: 5年 | AF59: 10年 | AG59: 10年 | AH59: 89.5 | AI59: 213.5 | AJ59: 339.5 | AK59: 604.5 | AL59: 950 | AM59: 5年 | AN59: 25年 | AO59: 50年 | AP59: 200年 | AQ59: 200年 | AR59: 21 | AS59: =IFERROR(INDEX(水保局全省災害資料!$X$2:$X$2000, MATCH(1, INDEX((水保局全省災害資料!$T$2:$T$2000=W59)*(水保局全省災害資料!$U$2:$U$2000=X59), 0, 1), 0)), "") -> 0 | AT59: =IFERROR(INDEX(水保局全省災害資料!$T$2:$T$2000, MATCH(1, INDEX((水保局全省災害資料!$T$2:$T$2000=W59)*(水保局全省災害資料!$U$2:$U$2000=X59), 0, 1), 0)), "") -> 53.5 | AU59: =IFERROR(INDEX(水保局全省災害資料!$U$2:$U$2000, MATCH(1, INDEX((水保局全省災害資料!$T$2:$T$2000=W59)*(水保局全省災害資料!$U$2:$U$2000=X59), 0, 1), 0)), "") -> 559.5 | AV59: =IFERROR(INDEX(水保局全省災害資料!$B$2:$B$2000, MATCH(1, INDEX((水保局全省災害資料!$T$2:$T$2000=W59)*(水保局全省災害資料!$U$2:$U$2000=X59), 0, 1), 0)), "") -> 土石流
A60: 高雄市 | B60: 杉林區 | C60: 木梓里 | D60: 高市DF021 | E60: 奇潭橋 | F60: 溪流型 | G60: 97 | H60: 卡玫基颱風 | I60: 39646.958 | J60: 1 | L60: 0.673707 | M60: =IF(SUMIFS(水保局全省災害資料!$X:$X, 水保局全省災害資料!$E:$E, A60, 水保局全省災害資料!$F:$F, B60, 水保局全省災害資料!$N:$N, H60)=0, "", SUMIFS(水保局全省災害資料!$X:$X, 水保局全省災害資料!$E:$E, A60, 水保局全省災害資料!$F:$F, B60, 水保局全省災害資料!$N:$N, H60)) | N60: 0.54291804 | O60: 3.1181465 | P60: 否 | Q60: 1 | S60: 500 | T60: C1V260 | U60: 月眉 | V60: 543 | W60: 66 | X60: 413.9 | Y60: 155 | Z60: 313 | AA60: 369.5 | AB60: 369.5 | AC60: 2年 | AD60: 5年 | AE60: 50年 | AF60: 10年 | AG60: 2年 | AH60: 68 | AI60: 158 | AJ60: 313 | AK60: 415 | AL60: 517 | AM60: 2年 | AN60: 5年 | AO60: 50年 | AP60: 25年 | AQ60: 10年 | AR60: 9 | AS60: =IFERROR(INDEX(水保局全省災害資料!$X$2:$X$2000, MATCH(1, INDEX((水保局全省災害資料!$T$2:$T$2000=W60)*(水保局全省災害資料!$U$2:$U$2000=X60), 0, 1), 0)), "") -> 0 | AT60: =IFERROR(INDEX(水保局全省災害資料!$T$2:$T$2000, MATCH(1, INDEX((水保局全省災害資料!$T$2:$T$2000=W60)*(水保局全省災害資料!$U$2:$U$2000=X60), 0, 1), 0)), "") -> 66 | AU60: =IFERROR(INDEX(水保局全省災害資料!$U$2:$U$2000, MATCH(1, INDEX((水保局全省災害資料!$T$2:$T$2000=W60)*(水保局全省災害資料!$U$2:$U$2000=X60), 0, 1), 0)), "") -> 413.9 | AV60: =IFERROR(INDEX(水保局全省災害資料!$B$2:$B$2000, MATCH(1, INDEX((水保局全省災害資料!$T$2:$T$2000=W60)*(水保局全省災害資料!$U$2:$U$2000=X60), 0, 1), 0)), "") -> 土石流
A61: 高雄市 | B61: 杉林區 | C61: 木梓里 | D61: 高市DF021 | E61: 奇潭橋 | F61: 溪流型 | G61: 98 | H61: 莫拉克颱風 | I61: 40033.667 | J61: 2 | K61: 1.0594749 | L61: 4 | M61: =IF(SUMIFS(水保局全省災害資料!$X:$X, 水保局全省災害資料!$E:$E, A61, 水保局全省災害資料!$F:$F, B61, 水保局全省災害資料!$N:$N, H61)=0, "", SUMIFS(水保局全省災害資料!$X:$X, 水保局全省災害資料!$E:$E, A61, 水保局全省災害資料!$F:$F, B61, 水保局全省災害資料!$N:$N, H61)) | N61: 3.2234668 | O61: 4.163487 | P61: 否 | Q61: 2 | R61: 1.0594749 | S61: 450 | T61: C1V260 | U61: 月眉 | V61: 1195.5 | W61: 15.5 | X61: 751.5 | Y61: 122 | Z61: 169 | AA61: 328.5 | AB61: 554.5 | AC61: <2 | AD61: <2 | AE61: <2 | AF61: 5年 | AG61: 25年 | AH61: 79.5 | AI61: 166.5 | AJ61: 290.5 | AK61: 446 | AL61: 743.5 | AM61: 5年 | AN61: 5年 | AO61: 25年 | AP61: 50年 | AQ61: 200年 | AR61: 43 | AS61: =IFERROR(INDEX(水保局全省災害資料!$X$2:$X$2000, MATCH(1, INDEX((水保局全省災害資料!$T$2:$T$2000=W61)*(水保局全省災害資料!$U$2:$U$2000=X61), 0, 1), 0)), "") -> 0 | AT61: =IFERROR(INDEX(水保局全省災害資料!$T$2:$T$2000, MATCH(1, INDEX((水保局全省災害資料!$T$2:$T$2000=W61)*(水保局全省災害資料!$U$2:$U$2000=X61), 0, 1), 0)), "") -> 15.5 | AU61: =IFERROR(INDEX(水保局全省災害資料!$U$2:$U$2000, MATCH(1, INDEX((水保局全省災害資料!$T$2:$T$2000=W61)*(水保局全省災害資料!$U$2:$U$2000=X61), 0, 1), 0)), "") -> 751.5 | AV61: =IFERROR(INDEX(水保局全省災害資料!$B$2:$B$2000, MATCH(1, INDEX((水保局全省災害資料!$T$2:$T$2000=W61)*(水保局全省災害資料!$U$2:$U$2000=X61), 0, 1), 0)), "") -> 洪水
A62: 屏東縣 | B62: 滿州鄉 | C62: 港口村 | D62: 屏縣DF064 | F62: 坡面型 | G62: 101 | H62: 天秤颱風 | I62: 41145.292 | J62: 2 | K62: 7.1026256 | L62: 0 | M62: =IF(SUMIFS(水保局全省災害資料!$X:$X, 水保局全省災害資料!$E:$E, A62, 水保局全省災害資料!$F:$F, B62, 水保局全省災害資料!$N:$N, H62)=0, "", SUMIFS(水保局全省災害資料!$X:$X, 水保局全省災害資料!$E:$E, A62, 水保局全省災害資料!$F:$F, B62, 水保局全省災害資料!$N:$N, H62)) | N62: 0 | O62: 0.81676136 | P62: 否 | Q62: 2 | R62: 7.1026256 | S62: 600 | T62: C0R370 | U62: 佳樂水 | V62: 447.5 | W62: 78.5 | X62: 220.5 | Y62: 161 | Z62: 207.5 | AA62: 207.5 | AB62: 207.5 | AC62: 5年 | AD62: 5年 | AE62: 2年 | AF62: <2 | AG62: <2 | AH62: 78.5 | AI62: 186 | AJ62: 274.5 | AK62: 385.5 | AL62: 447.5 | AM62: 5年 | AN62: 10年 | AO62: 10年 | AP62: 10年 | AQ62: 5年 | AR62: 6 | AS62: =IFERROR(INDEX(水保局全省災害資料!$X$2:$X$2000, MATCH(1, INDEX((水保局全省災害資料!$T$2:$T$2000=W62)*(水保局全省災害資料!$U$2:$U$2000=X62), 0, 1), 0)), "") -> 0 | AT62: =IFERROR(INDEX(水保局全省災害資料!$T$2:$T$2000, MATCH(1, INDEX((水保局全省災害資料!$T$2:$T$2000=W62)*(水保局全省災害資料!$U$2:$U$2000=X62), 0, 1), 0)), "") -> 78.5 | AU62: =IFERROR(INDEX(水保局全省災害資料!$U$2:$U$2000, MATCH(1, INDEX((水保局全省災害資料!$T$2:$T$2000=W62)*(水保局全省災害資料!$U$2:$U$2000=X62), 0, 1), 0)), "") -> 220.5 | AV62: =IFERROR(INDEX(水保局全省災害資料!$B$2:$B$2000, MATCH(1, INDEX((水保局全省災害資料!$T$2:$T$2000=W62)*(水保局全省災害資料!$U$2:$U$2000=X62), 0, 1), 0)), "") -> 土石流、洪水
A63: 花蓮縣 | B63: 秀林鄉 | C63: 和平村 | D63: 花縣DF172 | F63: 坡面型 | G63: 113 | H63: 一般降雨 | I63: 45404.618 | J63: 1 | L63: 3.89 | M63: =IF(SUMIFS(水保局全省災害資料!$X:$X, 水保局全省災害資料!$E:$E, A63, 水保局全省災害資料!$F:$F, B63, 水保局全省災害資料!$N:$N, H63)=0, "", SUMIFS(水保局全省災害資料!$X:$X, 水保局全省災害資料!$E:$E, A63, 水保局全省災害資料!$F:$F, B63, 水保局全省災害資料!$N:$N, H63)) | N63: 12.770847 | O63: 12.770847 | P63: 是 | S63: 300 | T63: C0T9D0 | U63: 和中 | V63: 108.5 | W63: 75 | X63: 90 | Y63: 99.5 | Z63: 99.5 | AA63: 99.5 | AB63: 99.5 | AC63: 2年 | AD63: <2 | AE63: <2 | AF63: <2 | AG63: <2 | AH63: 75 | AI63: 108.5 | AJ63: 108.5 | AK63: 108.5 | AL63: 108.5 | AM63: 2年 | AN63: <2 | AO63: <2 | AP63: <2 | AQ63: <2 | AR63: 2 | AS63: =IFERROR(INDEX(水保局全省災害資料!$X$2:$X$2000, MATCH(1, INDEX((水保局全省災害資料!$T$2:$T$2000=W63)*(水保局全省災害資料!$U$2:$U$2000=X63), 0, 1), 0)), "") -> 2 | AT63: =IFERROR(INDEX(水保局全省災害資料!$T$2:$T$2000, MATCH(1, INDEX((水保局全省災害資料!$T$2:$T$2000=W63)*(水保局全省災害資料!$U$2:$U$2000=X63), 0, 1), 0)), "") -> 75 | AU63: =IFERROR(INDEX(水保局全省災害資料!$U$2:$U$2000, MATCH(1, INDEX((水保局全省災害資料!$T$2:$T$2000=W63)*(水保局全省災害資料!$U$2:$U$2000=X63), 0, 1), 0)), "") -> 90 | AV63: =IFERROR(INDEX(水保局全省災害資料!$B$2:$B$2000, MATCH(1, INDEX((水保局全省災害資料!$T$2:$T$2000=W63)*(水保局全省災害資料!$U$2:$U$2000=X63), 0, 1), 0)), "") -> 土石流
A64: 花蓮縣 | B64: 秀林鄉 | C64: 和平村 | D64: 花縣DF172 | F64: 坡面型 | G64: 113 | H64: 凱米颱風 | I64: 45498.208 | J64: 2 | K64: 0.25641172 | L64: 3.89 | M64: =IF(SUMIFS(水保局全省災害資料!$X:$X, 水保局全省災害資料!$E:$E, A64, 水保局全省災害資料!$F:$F, B64, 水保局全省災害資料!$N:$N, H64)=0, "", SUMIFS(水保局全省災害資料!$X:$X, 水保局全省災害資料!$E:$E, A64, 水保局全省災害資料!$F:$F, B64, 水保局全省災害資料!$N:$N, H64)) | N64: 12.770847 | O64: 12.770847 | P64: 是 | S64: 200 | T64: 81T1B0 | U64: 和仁車站 | V64: 575.5 | W64: 23 | X64: 504 | Y64: 41.5 | Z64: 57 | AA64: 191.5 | AB64: 453 | AC64: <2 | AD64: <2 | AE64: <2 | AF64: <2 | AG64: 5年 | AH64: 85 | AI64: 193 | AJ64: 273.5 | AK64: 357 | AL64: 479.5 | AM64: 5年 | AN64: 10年 | AO64: 10年 | AP64: 10年 | AQ64: 10年 | AR64: 41 | AS64: =IFERROR(INDEX(水保局全省災害資料!$X$2:$X$2000, MATCH(1, INDEX((水保局全省災害資料!$T$2:$T$2000=W64)*(水保局全省災害資料!$U$2:$U$2000=X64), 0, 1), 0)), "") -> 0 | AT64: =IFERROR(INDEX(水保局全省災害資料!$T$2:$T$2000, MATCH(1, INDEX((水保局全省災害資料!$T$2:$T$2000=W64)*(水保局全省災害資料!$U$2:$U$2000=X64), 0, 1), 0)), "") -> 23 | AU64: =IFERROR(INDEX(水保局全省災害資料!$U$2:$U$2000, MATCH(1, INDEX((水保局全省災害資料!$T$2:$T$2000=W64)*(水保局全省災害資料!$U$2:$U$2000=X64), 0, 1), 0)), "") -> 504 | AV64: =IFERROR(INDEX(水保局全省災害資料!$B$2:$B$2000, MATCH(1, INDEX((水保局全省災害資料!$T$2:$T$2000=W64)*(水保局全省災害資料!$U$2:$U$2000=X64), 0, 1), 0)), "") -> 土石流
A65: 花蓮縣 | B65: 秀林鄉 | C65: 景美村 | D65: 花縣DF174 | F65: 溪流型 | G65: 113 | H65: 一般降雨 | I65: 45463.809 | J65: 1 | L65: 17.94 | M65: =IF(SUMIFS(水保局全省災害資料!$X:$X, 水保局全省災害資料!$E:$E, A65, 水保局全省災害資料!$F:$F, B65, 水保局全省災害資料!$N:$N, H65)=0, "", SUMIFS(水保局全省災害資料!$X:$X, 水保局全省災害資料!$E:$E, A65, 水保局全省災害資料!$F:$F, B65, 水保局全省災害資料!$N:$N, H65)) | N65: 6.1287237 | O65: 6.1287237 | P65: 是 | S65: 300 | T65: C1Z110 | U65: 三棧 | V65: 25.5 | W65: 16.5 | X65: 45.3 | Y65: 24 | Z65: 24 | AA65: 24 | AB65: 30.5 | AC65: <2 | AD65: <2 | AE65: <2 | AF65: <2 | AG65: <2 | AH65: 16.5 | AI65: 25.5 | AJ65: 25.5 | AK65: 25.5 | AL65: 25.5 | AM65: <2 | AN65: <2 | AO65: <2 | AP65: <2 | AQ65: <2 | AR65: 2 | AS65: =IFERROR(INDEX(水保局全省災害資料!$X$2:$X$2000, MATCH(1, INDEX((水保局全省災害資料!$T$2:$T$2000=W65)*(水保局全省災害資料!$U$2:$U$2000=X65), 0, 1), 0)), "") | AT65: =IFERROR(INDEX(水保局全省災害資料!$T$2:$T$2000, MATCH(1, INDEX((水保局全省災害資料!$T$2:$T$2000=W65)*(水保局全省災害資料!$U$2:$U$2000=X65), 0, 1), 0)), "") | AU65: =IFERROR(INDEX(水保局全省災害資料!$U$2:$U$2000, MATCH(1, INDEX((水保局全省災害資料!$T$2:$T$2000=W65)*(水保局全省災害資料!$U$2:$U$2000=X65), 0, 1), 0)), "") | AV65: =IFERROR(INDEX(水保局全省災害資料!$B$2:$B$2000, MATCH(1, INDEX((水保局全省災害資料!$T$2:$T$2000=W65)*(水保局全省災害資料!$U$2:$U$2000=X65), 0, 1), 0)), "")
A66: 花蓮縣 | B66: 秀林鄉 | C66: 景美村 | D66: 花縣DF174 | F66: 溪流型 | G66: 113 | H66: 凱米颱風 | I66: 45497.708 | J66: 2 | K66: 0.09287481 | L66: 17.94 | M66: =IF(SUMIFS(水保局全省災害資料!$X:$X, 水保局全省災害資料!$E:$E, A66, 水保局全省災害資料!$F:$F, B66, 水保局全省災害資料!$N:$N, H66)=0, "", SUMIFS(水保局全省災害資料!$X:$X, 水保局全省災害資料!$E:$E, A66, 水保局全省災害資料!$F:$F, B66, 水保局全省災害資料!$N:$N, H66)) | N66: 6.1287237 | O66: 6.1287237 | P66: 是 | S66: 300 | T66: C1Z110 | U66: 三棧 | V66: 444.5 | W66: 31 | X66: 170.7 | Y66: 59.5 | Z66: 92 | AA66: 132 | AB66: 171 | AC66: <2 | AD66: <2 | AE66: <2 | AF66: <2 | AG66: <2 | AH66: 74 | AI66: 126.5 | AJ66: 181 | AK66: 249.5 | AL66: 353 | AM66: 2年 | AN66: <2 | AO66: <2 | AP66: <2 | AQ66: <2 | AR66: 27 | AS66: =IFERROR(INDEX(水保局全省災害資料!$X$2:$X$2000, MATCH(1, INDEX((水保局全省災害資料!$T$2:$T$2000=W66)*(水保局全省災害資料!$U$2:$U$2000=X66), 0, 1), 0)), "") -> 0 | AT66: =IFERROR(INDEX(水保局全省災害資料!$T$2:$T$2000, MATCH(1, INDEX((水保局全省災害資料!$T$2:$T$2000=W66)*(水保局全省災害資料!$U$2:$U$2000=X66), 0, 1), 0)), "") -> 31 | AU66: =IFERROR(INDEX(水保局全省災害資料!$U$2:$U$2000, MATCH(1, INDEX((水保局全省災害資料!$T$2:$T$2000=W66)*(水保局全省災害資料!$U$2:$U$2000=X66), 0, 1), 0)), "") -> 170.7 | AV66: =IFERROR(INDEX(水保局全省災害資料!$B$2:$B$2000, MATCH(1, INDEX((水保局全省災害資料!$T$2:$T$2000=W66)*(水保局全省災害資料!$U$2:$U$2000=X66), 0, 1), 0)), "") -> 土石流
A67: 高雄市 | B67: 六龜區 | C67: 中興里 | D67: 高市DF051 | E67: 大智瀑布 | F67: 溪流型 | G67: 97 | H67: 卡玫基颱風 | I67: 39646.958 | J67: 2 | K67: 2.9982877 | L67: 0 | M67: =IF(SUMIFS(水保局全省災害資料!$X:$X, 水保局全省災害資料!$E:$E, A67, 水保局全省災害資料!$F:$F, B67, 水保局全省災害資料!$N:$N, H67)=0, "", SUMIFS(水保局全省災害資料!$X:$X, 水保局全省災害資料!$E:$E, A67, 水保局全省災害資料!$F:$F, B67, 水保局全省災害資料!$N:$N, H67)) | N67: 0 | O67: 0.71797817 | P67: 否 | Q67: 2 | R67: 2.9982877 | S67: 450 | T67: C1V340 | U67: 大津 | V67: 705 | W67: 47.5 | X67: 371 | Y67: 139 | Z67: 275 | AA67: 290.5 | AB67: 290.5 | AH67: 58.5 | AI67: 153 | AJ67: 275 | AK67: 400 | AL67: 560 | AR67: 9 | AS67: =IFERROR(INDEX(水保局全省災害資料!$X$2:$X$2000, MATCH(1, INDEX((水保局全省災害資料!$T$2:$T$2000=W67)*(水保局全省災害資料!$U$2:$U$2000=X67), 0, 1), 0)), "") -> 0 | AT67: =IFERROR(INDEX(水保局全省災害資料!$T$2:$T$2000, MATCH(1, INDEX((水保局全省災害資料!$T$2:$T$2000=W67)*(水保局全省災害資料!$U$2:$U$2000=X67), 0, 1), 0)), "") -> 47.5 | AU67: =IFERROR(INDEX(水保局全省災害資料!$U$2:$U$2000, MATCH(1, INDEX((水保局全省災害資料!$T$2:$T$2000=W67)*(水保局全省災害資料!$U$2:$U$2000=X67), 0, 1), 0)), "") -> 371 | AV67: =IFERROR(INDEX(水保局全省災害資料!$B$2:$B$2000, MATCH(1, INDEX((水保局全省災害資料!$T$2:$T$2000=W67)*(水保局全省災害資料!$U$2:$U$2000=X67), 0, 1), 0)), "") -> 土石流
A68: 宜蘭縣 | B68: 大同鄉 | C68: 四季村 | D68: 宜縣DF072 | F68: 溪流型 | G68: 104 | H68: 蘇迪勒颱風 | I68: 42224.417 | M68: =IF(SUMIFS(水保局全省災害資料!$X:$X, 水保局全省災害資料!$E:$E, A68, 水保局全省災害資料!$F:$F, B68, 水保局全省災害資料!$N:$N, H68)=0, "", SUMIFS(水保局全省災害資料!$X:$X, 水保局全省災害資料!$E:$E, A68, 水保局全省災害資料!$F:$F, B68, 水保局全省災害資料!$N:$N, H68)) | P68: 否 | S68: 450 | T68: 01U780 | U68: 四季 | V68: 532 | W68: 4 | X68: 525 | Y68: 76 | Z68: 199 | AA68: 404 | AB68: 536 | AC68: <2 | AD68: <2 | AE68: 5年 | AF68: 200年 | AG68: 200年 | AH68: 59 | AI68: 145 | AJ68: 268 | AK68: 419 | AL68: 532 | AM68: 2年 | AN68: 5年 | AO68: 50年 | AP68: 200年 | AQ68: 200年 | AR68: 23 | AS68: =IFERROR(INDEX(水保局全省災害資料!$X$2:$X$2000, MATCH(1, INDEX((水保局全省災害資料!$T$2:$T$2000=W68)*(水保局全省災害資料!$U$2:$U$2000=X68), 0, 1), 0)), "") -> 0 | AT68: =IFERROR(INDEX(水保局全省災害資料!$T$2:$T$2000, MATCH(1, INDEX((水保局全省災害資料!$T$2:$T$2000=W68)*(水保局全省災害資料!$U$2:$U$2000=X68), 0, 1), 0)), "") -> 4 | AU68: =IFERROR(INDEX(水保局全省災害資料!$U$2:$U$2000, MATCH(1, INDEX((水保局全省災害資料!$T$2:$T$2000=W68)*(水保局全省災害資料!$U$2:$U$2000=X68), 0, 1), 0)), "") -> 525 | AV68: =IFERROR(INDEX(水保局全省災害資料!$B$2:$B$2000, MATCH(1, INDEX((水保局全省災害資料!$T$2:$T$2000=W68)*(水保局全省災害資料!$U$2:$U$2000=X68), 0, 1), 0)), "") -> 土石流
A69: 宜蘭縣 | B69: 大同鄉 | C69: 寒溪村 | D69: 宜縣DF086 | F69: 溪流型 | G69: 100 | H69: 1001豪雨 | I69: 40819.125 | M69: =IF(SUMIFS(水保局全省災害資料!$X:$X, 水保局全省災害資料!$E:$E, A69, 水保局全省災害資料!$F:$F, B69, 水保局全省災害資料!$N:$N, H69)=0, "", SUMIFS(水保局全省災害資料!$X:$X, 水保局全省災害資料!$E:$E, A69, 水保局全省災害資料!$F:$F, B69, 水保局全省災害資料!$N:$N, H69)) | P69: 否 | S69: 550 | T69: C1U511 | U69: 古魯 | V69: 1652.5 | W69: 96.5 | X69: 1105 | Y69: 178.5 | Z69: 368 | AA69: 600.5 | AB69: 770 | AC69: 10年 | AD69: 5年 | AE69: 50年 | AF69: 100年 | AG69: 50年 | AH69: 96.5 | AI69: 239.5 | AJ69: 403.5 | AK69: 715 | AL69: 994.5 | AM69: 10年 | AN69: 25年 | AO69: 100年 | AP69: 200年 | AQ69: 200年 | AR69: 56 | AS69: =IFERROR(INDEX(水保局全省災害資料!$X$2:$X$2000, MATCH(1, INDEX((水保局全省災害資料!$T$2:$T$2000=W69)*(水保局全省災害資料!$U$2:$U$2000=X69), 0, 1), 0)), "") -> 0 | AT69: =IFERROR(INDEX(水保局全省災害資料!$T$2:$T$2000, MATCH(1, INDEX((水保局全省災害資料!$T$2:$T$2000=W69)*(水保局全省災害資料!$U$2:$U$2000=X69), 0, 1), 0)), "") -> 96.5 | AU69: =IFERROR(INDEX(水保局全省災害資料!$U$2:$U$2000, MATCH(1, INDEX((水保局全省災害資料!$T$2:$T$2000=W69)*(水保局全省災害資料!$U$2:$U$2000=X69), 0, 1), 0)), "") -> 1105 | AV69: =IFERROR(INDEX(水保局全省災害資料!$B$2:$B$2000, MATCH(1, INDEX((水保局全省災害資料!$T$2:$T$2000=W69)*(水保局全省災害資料!$U$2:$U$2000=X69), 0, 1), 0)), "") -> 土石流、洪水
A70: 宜蘭縣 | B70: 大同鄉 | C70: 復興村 | D70: 宜縣DF143 | F70: 坡面型 | G70: 100 | H70: 1001豪雨 | I70: 40818.208 | M70: =IF(SUMIFS(水保局全省災害資料!$X:$X, 水保局全省災害資料!$E:$E, A70, 水保局全省災害資料!$F:$F, B70, 水保局全省災害資料!$N:$N, H70)=0, "", SUMIFS(水保局全省災害資料!$X:$X, 水保局全省災害資料!$E:$E, A70, 水保局全省災害資料!$F:$F, B70, 水保局全省災害資料!$N:$N, H70)) | P70: 否 | S70: 550 | T70: C1U501 | U70: 牛鬥 | V70: 1633.5 | W70: 14.5 | X70: 422.8 | Y70: 37.5 | Z70: 59.5 | AA70: 178.5 | AB70: 278 | AC70: <2 | AD70: <2 | AE70: <2 | AF70: <2 | AG70: <2 | AH70: 110.5 | AI70: 240 | AJ70: 449.5 | AK70: 719.5 | AL70: 1092.5 | AM70: 25年 | AN70: 50年 | AO70: 200年 | AP70: 200年 | AQ70: 200年 | AR70: 32 | AS70: =IFERROR(INDEX(水保局全省災害資料!$X$2:$X$2000, MATCH(1, INDEX((水保局全省災害資料!$T$2:$T$2000=W70)*(水保局全省災害資料!$U$2:$U$2000=X70), 0, 1), 0)), "") -> 0 | AT70: =IFERROR(INDEX(水保局全省災害資料!$T$2:$T$2000, MATCH(1, INDEX((水保局全省災害資料!$T$2:$T$2000=W70)*(水保局全省災害資料!$U$2:$U$2000=X70), 0, 1), 0)), "") -> 14.5 | AU70: =IFERROR(INDEX(水保局全省災害資料!$U$2:$U$2000, MATCH(1, INDEX((水保局全省災害資料!$T$2:$T$2000=W70)*(水保局全省災害資料!$U$2:$U$2000=X70), 0, 1), 0)), "") -> 422.8 | AV70: =IFERROR(INDEX(水保局全省災害資料!$B$2:$B$2000, MATCH(1, INDEX((水保局全省災害資料!$T$2:$T$2000=W70)*(水保局全省災害資料!$U$2:$U$2000=X70), 0, 1), 0)), "") -> 土石流
A71: 宜蘭縣 | B71: 南澳鄉 | C71: 碧候村 | D71: 宜縣DF147 | F71: 坡面型 | G71: 101 | H71: 蘇拉颱風 | I71: 41123.083 | M71: =IF(SUMIFS(水保局全省災害資料!$X:$X, 水保局全省災害資料!$E:$E, A71, 水保局全省災害資料!$F:$F, B71, 水保局全省災害資料!$N:$N, H71)=0, "", SUMIFS(水保局全省災害資料!$X:$X, 水保局全省災害資料!$E:$E, A71, 水保局全省災害資料!$F:$F, B71, 水保局全省災害資料!$N:$N, H71)) | P71: 否 | S71: 450 | T71: C0U770 | U71: 南澳 | V71: 878.5 | W71: 74.5 | X71: 668.9 | Y71: 158 | Z71: 259 | AA71: 333 | AB71: 442.5 | AC71: 2年 | AD71: 5年 | AE71: 10年 | AF71: 5年 | AG71: 5年 | AH71: 74.5 | AI71: 178 | AJ71: 300 | AK71: 433 | AL71: 582.5 | AM71: 2年 | AN71: 10年 | AO71: 25年 | AP71: 50年 | AQ71: 50年 | AR71: 59 | AS71: =IFERROR(INDEX(水保局全省災害資料!$X$2:$X$2000, MATCH(1, INDEX((水保局全省災害資料!$T$2:$T$2000=W71)*(水保局全省災害資料!$U$2:$U$2000=X71), 0, 1), 0)), "") -> 0 | AT71: =IFERROR(INDEX(水保局全省災害資料!$T$2:$T$2000, MATCH(1, INDEX((水保局全省災害資料!$T$2:$T$2000=W71)*(水保局全省災害資料!$U$2:$U$2000=X71), 0, 1), 0)), "") -> 74.5 | AU71: =IFERROR(INDEX(水保局全省災害資料!$U$2:$U$2000, MATCH(1, INDEX((水保局全省災害資料!$T$2:$T$2000=W71)*(水保局全省災害資料!$U$2:$U$2000=X71), 0, 1), 0)), "") -> 668.9 | AV71: =IFERROR(INDEX(水保局全省災害資料!$B$2:$B$2000, MATCH(1, INDEX((水保局全省災害資料!$T$2:$T$2000=W71)*(水保局全省災害資料!$U$2:$U$2000=X71), 0, 1), 0)), "") -> 土石流
A72: 宜蘭縣 | B72: 蘇澳鎮 | C72: 南建里 | D72: 宜縣DF100 | F72: 坡面型 | G72: 99 | H72: 梅姬颱風 | I72: 40472.458 | M72: =IF(SUMIFS(水保局全省災害資料!$X:$X, 水保局全省災害資料!$E:$E, A72, 水保局全省災害資料!$F:$F, B72, 水保局全省災害資料!$N:$N, H72)=0, "", SUMIFS(水保局全省災害資料!$X:$X, 水保局全省災害資料!$E:$E, A72, 水保局全省災害資料!$F:$F, B72, 水保局全省災害資料!$N:$N, H72)) | P72: 否 | S72: 600 | T72: 467060 | U72: 蘇澳 | V72: 1360.3 | W72: 114.5 | X72: 750.5 | Y72: 160 | Z72: 199 | AA72: 234 | AB72: 407.5 | AC72: 25年 | AD72: 2年 | AE72: <2 | AF72: <2 | AG72: <2 | AH72: 181.5 | AI72: 444 | AJ72: 645 | AK72: 861 | AL72: 1077.5 | AM72: 200年 | AN72: 200年 | AO72: 200年 | AP72: 200年 | AQ72: 200年 | AR72: 21 | AS72: =IFERROR(INDEX(水保局全省災害資料!$X$2:$X$2000, MATCH(1, INDEX((水保局全省災害資料!$T$2:$T$2000=W72)*(水保局全省災害資料!$U$2:$U$2000=X72), 0, 1), 0)), "") | AT72: =IFERROR(INDEX(水保局全省災害資料!$T$2:$T$2000, MATCH(1, INDEX((水保局全省災害資料!$T$2:$T$2000=W72)*(水保局全省災害資料!$U$2:$U$2000=X72), 0, 1), 0)), "") | AU72: =IFERROR(INDEX(水保局全省災害資料!$U$2:$U$2000, MATCH(1, INDEX((水保局全省災害資料!$T$2:$T$2000=W72)*(水保局全省災害資料!$U$2:$U$2000=X72), 0, 1), 0)), "") | AV72: =IFERROR(INDEX(水保局全省災害資料!$B$2:$B$2000, MATCH(1, INDEX((水保局全省災害資料!$T$2:$T$2000=W72)*(水保局全省災害資料!$U$2:$U$2000=X72), 0, 1), 0)), "")
A73: 宜蘭縣 | B73: 蘇澳鎮 | C73: 蘇北里 | D73: 宜縣DF102 | F73: 坡面型 | G73: 99 | H73: 梅姬颱風 | I73: 40472.604 | M73: =IF(SUMIFS(水保局全省災害資料!$X:$X, 水保局全省災害資料!$E:$E, A73, 水保局全省災害資料!$F:$F, B73, 水保局全省災害資料!$N:$N, H73)=0, "", SUMIFS(水保局全省災害資料!$X:$X, 水保局全省災害資料!$E:$E, A73, 水保局全省災害資料!$F:$F, B73, 水保局全省災害資料!$N:$N, H73)) | P73: 否 | S73: 600 | T73: 467060 | U73: 蘇澳 | V73: 1360.3 | W73: 181.5 | X73: 1066 | Y73: 430 | Z73: 486.5 | AA73: 522.5 | AB73: 723 | AC73: 200年 | AD73: 200年 | AE73: 200年 | AF73: 50年 | AG73: 50年 | AH73: 181.5 | AI73: 444 | AJ73: 645 | AK73: 861 | AL73: 1077.5 | AM73: 200年 | AN73: 200年 | AO73: 200年 | AP73: 200年 | AQ73: 200年 | AR73: 23 | AS73: =IFERROR(INDEX(水保局全省災害資料!$X$2:$X$2000, MATCH(1, INDEX((水保局全省災害資料!$T$2:$T$2000=W73)*(水保局全省災害資料!$U$2:$U$2000=X73), 0, 1), 0)), "") | AT73: =IFERROR(INDEX(水保局全省災害資料!$T$2:$T$2000, MATCH(1, INDEX((水保局全省災害資料!$T$2:$T$2000=W73)*(水保局全省災害資料!$U$2:$U$2000=X73), 0, 1), 0)), "") | AU73: =IFERROR(INDEX(水保局全省災害資料!$U$2:$U$2000, MATCH(1, INDEX((水保局全省災害資料!$T$2:$T$2000=W73)*(水保局全省災害資料!$U$2:$U$2000=X73), 0, 1), 0)), "") | AV73: =IFERROR(INDEX(水保局全省災害資料!$B$2:$B$2000, MATCH(1, INDEX((水保局全省災害資料!$T$2:$T$2000=W73)*(水保局全省災害資料!$U$2:$U$2000=X73), 0, 1), 0)), "")
A74: 宜蘭縣 | B74: 蘇澳鎮 | C74: 東澳里 | D74: 宜縣DF148 | F74: 溪流型 | G74: 113 | H74: 凱米颱風 | I74: 45498.435 | M74: =IF(SUMIFS(水保局全省災害資料!$X:$X, 水保局全省災害資料!$E:$E, A74, 水保局全省災害資料!$F:$F, B74, 水保局全省災害資料!$N:$N, H74)=0, "", SUMIFS(水保局全省災害資料!$X:$X, 水保局全省災害資料!$E:$E, A74, 水保局全省災害資料!$F:$F, B74, 水保局全省災害資料!$N:$N, H74)) | P74: 是 | S74: 400 | T74: C1U930 | U74: 粉鳥林 | V74: 433 | W74: 5 | X74: 446 | Y74: 25 | Z74: 61 | AA74: 161.5 | AB74: 372 | AC74: <2 | AD74: <2 | AE74: <2 | AF74: <2 | AG74: <2 | AH74: 44 | AI74: 91.5 | AJ74: 163 | AK74: 269.5 | AL74: 394 | AM74: <2 | AN74: <2 | AO74: <2 | AP74: <2 | AQ74: <2 | AR74: 30 | AS74: =IFERROR(INDEX(水保局全省災害資料!$X$2:$X$2000, MATCH(1, INDEX((水保局全省災害資料!$T$2:$T$2000=W74)*(水保局全省災害資料!$U$2:$U$2000=X74), 0, 1), 0)), "") -> 0 | AT74: =IFERROR(INDEX(水保局全省災害資料!$T$2:$T$2000, MATCH(1, INDEX((水保局全省災害資料!$T$2:$T$2000=W74)*(水保局全省災害資料!$U$2:$U$2000=X74), 0, 1), 0)), "") -> 5 | AU74: =IFERROR(INDEX(水保局全省災害資料!$U$2:$U$2000, MATCH(1, INDEX((水保局全省災害資料!$T$2:$T$2000=W74)*(水保局全省災害資料!$U$2:$U$2000=X74), 0, 1), 0)), "") -> 446 | AV74: =IFERROR(INDEX(水保局全省災害資料!$B$2:$B$2000, MATCH(1, INDEX((水保局全省災害資料!$T$2:$T$2000=W74)*(水保局全省災害資料!$U$2:$U$2000=X74), 0, 1), 0)), "") -> 土石流 、崩塌 (沖蝕 )
A75: 新北市 | B75: 三峽區 | C75: 安坑里 | D75: 新北DF223 | F75: 坡面型 | G75: 104 | H75: 蘇迪勒颱風 | I75: 42224.25 | M75: =IF(SUMIFS(水保局全省災害資料!$X:$X, 水保局全省災害資料!$E:$E, A75, 水保局全省災害資料!$F:$F, B75, 水保局全省災害資料!$N:$N, H75)=0, "", SUMIFS(水保局全省災害資料!$X:$X, 水保局全省災害資料!$E:$E, A75, 水保局全省災害資料!$F:$F, B75, 水保局全省災害資料!$N:$N, H75)) | P75: 否 | S75: 350 | T75: 01AG10 | U75: 熊空山 | V75: 849 | W75: 100 | X75: 617 | Y75: 190 | Z75: 253 | AA75: 372 | AB75: 584 | AC75: 10年 | AD75: 10年 | AE75: 5年 | AF75: 5年 | AG75: 10年 | AH75: 100 | AI75: 266 | AJ75: 416 | AK75: 529 | AL75: 836 | AM75: 10年 | AN75: 100年 | AO75: 200年 | AP75: 50年 | AQ75: 200年 | AR75: 21 | AS75: =IFERROR(INDEX(水保局全省災害資料!$X$2:$X$2000, MATCH(1, INDEX((水保局全省災害資料!$T$2:$T$2000=W75)*(水保局全省災害資料!$U$2:$U$2000=X75), 0, 1), 0)), "") -> 0 | AT75: =IFERROR(INDEX(水保局全省災害資料!$T$2:$T$2000, MATCH(1, INDEX((水保局全省災害資料!$T$2:$T$2000=W75)*(水保局全省災害資料!$U$2:$U$2000=X75), 0, 1), 0)), "") -> 100 | AU75: =IFERROR(INDEX(水保局全省災害資料!$U$2:$U$2000, MATCH(1, INDEX((水保局全省災害資料!$T$2:$T$2000=W75)*(水保局全省災害資料!$U$2:$U$2000=X75), 0, 1), 0)), "") -> 617 | AV75: =IFERROR(INDEX(水保局全省災害資料!$B$2:$B$2000, MATCH(1, INDEX((水保局全省災害資料!$T$2:$T$2000=W75)*(水保局全省災害資料!$U$2:$U$2000=X75), 0, 1), 0)), "") -> 土石流
A76: 新北市 | B76: 坪林區 | C76: 大林里 | D76: 新北DF232 | F76: 坡面型 | G76: 104 | H76: 杜鵑颱風 | I76: 42275.917 | M76: =IF(SUMIFS(水保局全省災害資料!$X:$X, 水保局全省災害資料!$E:$E, A76, 水保局全省災害資料!$F:$F, B76, 水保局全省災害資料!$N:$N, H76)=0, "", SUMIFS(水保局全省災害資料!$X:$X, 水保局全省災害資料!$E:$E, A76, 水保局全省災害資料!$F:$F, B76, 水保局全省災害資料!$N:$N, H76)) | P76: 否 | S76: 550 | T76: C0A530 | U76: 坪林 | V76: 481 | W76: 25 | X76: 357 | Y76: 94 | Z76: 225 | AA76: 325 | AB76: 418.5 | AC76: <2 | AD76: <2 | AE76: 2年 | AF76: 2年 | AG76: 2年 | AH76: 54.5 | AI76: 131 | AJ76: 225 | AK76: 344.5 | AL76: 438 | AM76: <2 | AN76: <2 | AO76: 2年 | AP76: 5年 | AQ76: 2年 | AR76: 27 | AS76: =IFERROR(INDEX(水保局全省災害資料!$X$2:$X$2000, MATCH(1, INDEX((水保局全省災害資料!$T$2:$T$2000=W76)*(水保局全省災害資料!$U$2:$U$2000=X76), 0, 1), 0)), "") -> 0 | AT76: =IFERROR(INDEX(水保局全省災害資料!$T$2:$T$2000, MATCH(1, INDEX((水保局全省災害資料!$T$2:$T$2000=W76)*(水保局全省災害資料!$U$2:$U$2000=X76), 0, 1), 0)), "") -> 25 | AU76: =IFERROR(INDEX(水保局全省災害資料!$U$2:$U$2000, MATCH(1, INDEX((水保局全省災害資料!$T$2:$T$2000=W76)*(水保局全省災害資料!$U$2:$U$2000=X76), 0, 1), 0)), "") -> 357 | AV76: =IFERROR(INDEX(水保局全省災害資料!$B$2:$B$2000, MATCH(1, INDEX((水保局全省災害資料!$T$2:$T$2000=W76)*(水保局全省災害資料!$U$2:$U$2000=X76), 0, 1), 0)), "") -> 土石流
A77: 新北市 | B77: 烏來區 | C77: 信賢里 | D77: 新北DF103 | F77: 溪流型 | G77: 104 | H77: 蘇迪勒颱風 | I77: 42224.25 | M77: =IF(SUMIFS(水保局全省災害資料!$X:$X, 水保局全省災害資料!$E:$E, A77, 水保局全省災害資料!$F:$F, B77, 水保局全省災害資料!$N:$N, H77)=0, "", SUMIFS(水保局全省災害資料!$X:$X, 水保局全省災害資料!$E:$E, A77, 水保局全省災害資料!$F:$F, B77, 水保局全省災害資料!$N:$N, H77)) | P77: 否 | S77: 400 | T77: 01A430 | U77: 福山 | V77: 712 | W77: 95 | X77: 350 | Y77: 227.5 | Z77: 361.5 | AA77: 510.5 | AB77: 566.5 | AC77: 10年 | AD77: 50年 | AE77: 100年 | AF77: 100年 | AG77: 10年 | AH77: 82 | AI77: 224 | AJ77: 412 | AK77: 616 | AL77: 706 | AM77: 5年 | AN77: 25年 | AO77: 200年 | AP77: 200年 | AQ77: 100年 | AR77: 20 | AS77: =IFERROR(INDEX(水保局全省災害資料!$X$2:$X$2000, MATCH(1, INDEX((水保局全省災害資料!$T$2:$T$2000=W77)*(水保局全省災害資料!$U$2:$U$2000=X77), 0, 1), 0)), "") -> 0 | AT77: =IFERROR(INDEX(水保局全省災害資料!$T$2:$T$2000, MATCH(1, INDEX((水保局全省災害資料!$T$2:$T$2000=W77)*(水保局全省災害資料!$U$2:$U$2000=X77), 0, 1), 0)), "") -> 95 | AU77: =IFERROR(INDEX(水保局全省災害資料!$U$2:$U$2000, MATCH(1, INDEX((水保局全省災害資料!$T$2:$T$2000=W77)*(水保局全省災害資料!$U$2:$U$2000=X77), 0, 1), 0)), "") -> 350 | AV77: =IFERROR(INDEX(水保局全省災害資料!$B$2:$B$2000, MATCH(1, INDEX((水保局全省災害資料!$T$2:$T$2000=W77)*(水保局全省災害資料!$U$2:$U$2000=X77), 0, 1), 0)), "") -> 土石流
A78: 新北市 | B78: 烏來區 | C78: 忠治里 | D78: 新北DF229 | F78: 坡面型 | G78: 104 | H78: 蘇迪勒颱風 | I78: 42224.167 | M78: =IF(SUMIFS(水保局全省災害資料!$X:$X, 水保局全省災害資料!$E:$E, A78, 水保局全省災害資料!$F:$F, B78, 水保局全省災害資料!$N:$N, H78)=0, "", SUMIFS(水保局全省災害資料!$X:$X, 水保局全省災害資料!$E:$E, A78, 水保局全省災害資料!$F:$F, B78, 水保局全省災害資料!$N:$N, H78)) | P78: 否 | S78: 400 | T78: 01A440 | U78: 大桶山 | V78: 501 | W78: 38 | X78: 240 | Y78: 96 | Z78: 115 | AA78: 180 | AB78: 203 | AC78: <2 | AD78: <2 | AE78: <2 | AF78: <2 | AG78: <2 | AH78: 70 | AI78: 175 | AJ78: 296 | AK78: 407 | AL78: 501 | AM78: 2年 | AN78: 5年 | AO78: 10年 | AP78: 10年 | AQ78: 5年 | AR78: 17 | AS78: =IFERROR(INDEX(水保局全省災害資料!$X$2:$X$2000, MATCH(1, INDEX((水保局全省災害資料!$T$2:$T$2000=W78)*(水保局全省災害資料!$U$2:$U$2000=X78), 0, 1), 0)), "") -> 0 | AT78: =IFERROR(INDEX(水保局全省災害資料!$T$2:$T$2000, MATCH(1, INDEX((水保局全省災害資料!$T$2:$T$2000=W78)*(水保局全省災害資料!$U$2:$U$2000=X78), 0, 1), 0)), "") -> 38 | AU78: =IFERROR(INDEX(水保局全省災害資料!$U$2:$U$2000, MATCH(1, INDEX((水保局全省災害資料!$T$2:$T$2000=W78)*(水保局全省災害資料!$U$2:$U$2000=X78), 0, 1), 0)), "") -> 240 | AV78: =IFERROR(INDEX(水保局全省災害資料!$B$2:$B$2000, MATCH(1, INDEX((水保局全省災害資料!$T$2:$T$2000=W78)*(水保局全省災害資料!$U$2:$U$2000=X78), 0, 1), 0)), "") -> 土石流
A79: 新北市 | B79: 烏來區 | C79: 忠治里 | D79: 新北DF230 | F79: 坡面型 | G79: 104 | H79: 蘇迪勒颱風 | I79: 42224.25 | M79: =IF(SUMIFS(水保局全省災害資料!$X:$X, 水保局全省災害資料!$E:$E, A79, 水保局全省災害資料!$F:$F, B79, 水保局全省災害資料!$N:$N, H79)=0, "", SUMIFS(水保局全省災害資料!$X:$X, 水保局全省災害資料!$E:$E, A79, 水保局全省災害資料!$F:$F, B79, 水保局全省災害資料!$N:$N, H79)) | P79: 否 | S79: 400 | T79: 01A440 | U79: 大桶山 | V79: 501 | W79: 70 | X79: 350 | Y79: 156 | Z79: 214 | AA79: 280 | AB79: 321 | AC79: 2年 | AD79: 2年 | AE79: 2年 | AF79: <2 | AG79: <2 | AH79: 70 | AI79: 175 | AJ79: 296 | AK79: 407 | AL79: 501 | AM79: 2年 | AN79: 5年 | AO79: 10年 | AP79: 10年 | AQ79: 5年 | AR79: 19 | AS79: =IFERROR(INDEX(水保局全省災害資料!$X$2:$X$2000, MATCH(1, INDEX((水保局全省災害資料!$T$2:$T$2000=W79)*(水保局全省災害資料!$U$2:$U$2000=X79), 0, 1), 0)), "") -> 0 | AT79: =IFERROR(INDEX(水保局全省災害資料!$T$2:$T$2000, MATCH(1, INDEX((水保局全省災害資料!$T$2:$T$2000=W79)*(水保局全省災害資料!$U$2:$U$2000=X79), 0, 1), 0)), "") -> 70 | AU79: =IFERROR(INDEX(水保局全省災害資料!$U$2:$U$2000, MATCH(1, INDEX((水保局全省災害資料!$T$2:$T$2000=W79)*(水保局全省災害資料!$U$2:$U$2000=X79), 0, 1), 0)), "") -> 350 | AV79: =IFERROR(INDEX(水保局全省災害資料!$B$2:$B$2000, MATCH(1, INDEX((水保局全省災害資料!$T$2:$T$2000=W79)*(水保局全省災害資料!$U$2:$U$2000=X79), 0, 1), 0)), "") -> 土石流
A80: 新北市 | B80: 烏來區 | C80: 信賢里 | D80: 新北DF231 | F80: 溪流型 | G80: 104 | H80: 蘇迪勒颱風 | I80: 42224.25 | M80: =IF(SUMIFS(水保局全省災害資料!$X:$X, 水保局全省災害資料!$E:$E, A80, 水保局全省災害資料!$F:$F, B80, 水保局全省災害資料!$N:$N, H80)=0, "", SUMIFS(水保局全省災害資料!$X:$X, 水保局全省災害資料!$E:$E, A80, 水保局全省災害資料!$F:$F, B80, 水保局全省災害資料!$N:$N, H80)) | P80: 否 | S80: 400 | T80: 01A440 | U80: 大桶山 | V80: 501 | W80: 70 | X80: 350 | Y80: 156 | Z80: 214 | AA80: 280 | AB80: 321 | AC80: 2年 | AD80: 2年 | AE80: 2年 | AF80: <2 | AG80: <2 | AH80: 70 | AI80: 175 | AJ80: 296 | AK80: 407 | AL80: 501 | AM80: 2年 | AN80: 5年 | AO80: 10年 | AP80: 10年 | AQ80: 5年 | AR80: 19 | AS80: =IFERROR(INDEX(水保局全省災害資料!$X$2:$X$2000, MATCH(1, INDEX((水保局全省災害資料!$T$2:$T$2000=W80)*(水保局全省災害資料!$U$2:$U$2000=X80), 0, 1), 0)), "") -> 0 | AT80: =IFERROR(INDEX(水保局全省災害資料!$T$2:$T$2000, MATCH(1, INDEX((水保局全省災害資料!$T$2:$T$2000=W80)*(水保局全省災害資料!$U$2:$U$2000=X80), 0, 1), 0)), "") -> 70 | AU80: =IFERROR(INDEX(水保局全省災害資料!$U$2:$U$2000, MATCH(1, INDEX((水保局全省災害資料!$T$2:$T$2000=W80)*(水保局全省災害資料!$U$2:$U$2000=X80), 0, 1), 0)), "") -> 350 | AV80: =IFERROR(INDEX(水保局全省災害資料!$B$2:$B$2000, MATCH(1, INDEX((水保局全省災害資料!$T$2:$T$2000=W80)*(水保局全省災害資料!$U$2:$U$2000=X80), 0, 1), 0)), "") -> 土石流
A81: 新北市 | B81: 新店區 | C81: 雙坑里 | D81: 新北DF233 | F81: 坡面型 | G81: 105 | H81: 梅姬颱風 | I81: 42640.583 | M81: =IF(SUMIFS(水保局全省災害資料!$X:$X, 水保局全省災害資料!$E:$E, A81, 水保局全省災害資料!$F:$F, B81, 水保局全省災害資料!$N:$N, H81)=0, "", SUMIFS(水保局全省災害資料!$X:$X, 水保局全省災害資料!$E:$E, A81, 水保局全省災害資料!$F:$F, B81, 水保局全省災害資料!$N:$N, H81)) | P81: 否 | S81: 450 | T81: C1A9N0 | U81: 四十份 | V81: 404 | W81: 37 | X81: 293 | Y81: 88 | Z81: 170.5 | AA81: 238.5 | AB81: 301 | AC81: <2 | AD81: <2 | AE81: <2 | AF81: <2 | AG81: <2 | AH81: 37 | AI81: 101 | AJ81: 173.5 | AK81: 285 | AL81: 399 | AM81: <2 | AN81: <2 | AO81: <2 | AP81: <2 | AQ81: <2 | AR81: 20 | AS81: =IFERROR(INDEX(水保局全省災害資料!$X$2:$X$2000, MATCH(1, INDEX((水保局全省災害資料!$T$2:$T$2000=W81)*(水保局全省災害資料!$U$2:$U$2000=X81), 0, 1), 0)), "") -> 0 | AT81: =IFERROR(INDEX(水保局全省災害資料!$T$2:$T$2000, MATCH(1, INDEX((水保局全省災害資料!$T$2:$T$2000=W81)*(水保局全省災害資料!$U$2:$U$2000=X81), 0, 1), 0)), "") -> 37 | AU81: =IFERROR(INDEX(水保局全省災害資料!$U$2:$U$2000, MATCH(1, INDEX((水保局全省災害資料!$T$2:$T$2000=W81)*(水保局全省災害資料!$U$2:$U$2000=X81), 0, 1), 0)), "") -> 293 | AV81: =IFERROR(INDEX(水保局全省災害資料!$B$2:$B$2000, MATCH(1, INDEX((水保局全省災害資料!$T$2:$T$2000=W81)*(水保局全省災害資料!$U$2:$U$2000=X81), 0, 1), 0)), "") -> 土石流
A82: 桃園市 | B82: 復興區 | C82: 羅浮里 | D82: 桃市DF034 | F82: 坡面型 | G82: 104 | H82: 蘇迪勒颱風 | I82: 42224.323 | M82: =IF(SUMIFS(水保局全省災害資料!$X:$X, 水保局全省災害資料!$E:$E, A82, 水保局全省災害資料!$F:$F, B82, 水保局全省災害資料!$N:$N, H82)=0, "", SUMIFS(水保局全省災害資料!$X:$X, 水保局全省災害資料!$E:$E, A82, 水保局全省災害資料!$F:$F, B82, 水保局全省災害資料!$N:$N, H82)) | P82: 否 | S82: 250 | T82: 21C140 | U82: 霞雲 | V82: 438 | W82: 22 | X82: 400 | Y82: 131 | Z82: 231 | AA82: 296 | AB82: 387 | AC82: <2 | AD82: <2 | AE82: 5年 | AF82: 2年 | AG82: 2年 | AH82: 63 | AI82: 153 | AJ82: 231 | AK82: 296 | AL82: 407 | AM82: <2 | AN82: 2年 | AO82: 5年 | AP82: 2年 | AQ82: 2年 | AR82: 20 | AS82: =IFERROR(INDEX(水保局全省災害資料!$X$2:$X$2000, MATCH(1, INDEX((水保局全省災害資料!$T$2:$T$2000=W82)*(水保局全省災害資料!$U$2:$U$2000=X82), 0, 1), 0)), "") -> 0 | AT82: =IFERROR(INDEX(水保局全省災害資料!$T$2:$T$2000, MATCH(1, INDEX((水保局全省災害資料!$T$2:$T$2000=W82)*(水保局全省災害資料!$U$2:$U$2000=X82), 0, 1), 0)), "") -> 22 | AU82: =IFERROR(INDEX(水保局全省災害資料!$U$2:$U$2000, MATCH(1, INDEX((水保局全省災害資料!$T$2:$T$2000=W82)*(水保局全省災害資料!$U$2:$U$2000=X82), 0, 1), 0)), "") -> 400 | AV82: =IFERROR(INDEX(水保局全省災害資料!$B$2:$B$2000, MATCH(1, INDEX((水保局全省災害資料!$T$2:$T$2000=W82)*(水保局全省災害資料!$U$2:$U$2000=X82), 0, 1), 0)), "") -> 土石流
A83: 南投縣 | B83: 仁愛鄉 | C83: 南豐村 | D83: 投縣DF017 | F83: 坡面型 | G83: 112 | H83: 卡努颱風 | I83: 45142.625 | M83: =IF(SUMIFS(水保局全省災害資料!$X:$X, 水保局全省災害資料!$E:$E, A83, 水保局全省災害資料!$F:$F, B83, 水保局全省災害資料!$N:$N, H83)=0, "", SUMIFS(水保局全省災害資料!$X:$X, 水保局全省災害資料!$E:$E, A83, 水保局全省災害資料!$F:$F, B83, 水保局全省災害資料!$N:$N, H83)) -> 7.0375 | P83: 否 | S83: 300 | T83: 88H890 | U83: 南豐 | V83: 864 | W83: 49 | X83: 648 | Y83: 115 | Z83: 260.5 | AA83: 425.5 | AB83: 628 | AC83: <2 | AD83: <2 | AE83: 25年 | AF83: 100年 | AG83: 200年 | AH83: 112.5 | AI83: 225 | AJ83: 384 | AK83: 542 | AL83: 783.5 | AM83: 100年 | AN83: 100年 | AO83: 200年 | AP83: 200年 | AQ83: 200年 | AR83: 37 | AS83: =IFERROR(INDEX(水保局全省災害資料!$X$2:$X$2000, MATCH(1, INDEX((水保局全省災害資料!$T$2:$T$2000=W83)*(水保局全省災害資料!$U$2:$U$2000=X83), 0, 1), 0)), "") -> - | AT83: =IFERROR(INDEX(水保局全省災害資料!$T$2:$T$2000, MATCH(1, INDEX((水保局全省災害資料!$T$2:$T$2000=W83)*(水保局全省災害資料!$U$2:$U$2000=X83), 0, 1), 0)), "") -> 49 | AU83: =IFERROR(INDEX(水保局全省災害資料!$U$2:$U$2000, MATCH(1, INDEX((水保局全省災害資料!$T$2:$T$2000=W83)*(水保局全省災害資料!$U$2:$U$2000=X83), 0, 1), 0)), "") -> 648 | AV83: =IFERROR(INDEX(水保局全省災害資料!$B$2:$B$2000, MATCH(1, INDEX((水保局全省災害資料!$T$2:$T$2000=W83)*(水保局全省災害資料!$U$2:$U$2000=X83), 0, 1), 0)), "") -> 土石流
